state,district,Enrolments,Updates,UER,Youth_Ratio,Child_Dependency,UER_ZScore,Is_Anomaly,Zone_Strategy,Predicted_Trajectory
100000,100000,218.0,2.0,0.0091324200913242,0.0045662100456621,0.0,-0.6151423989472968,False,GREEN: Enrolment Van,Will transition to YELLOW within 3-5 years
Andaman & Nicobar Islands,Andamans,75.0,2765.0,36.38157894736842,0.9868421052631579,70.0,0.2229404453684833,False,YELLOW: Hybrid Center,Will transition to RED within 2-3 years
Andaman & Nicobar Islands,Nicobars,1.0,6.0,3.0,0.5,1.0,-0.5462277383274255,False,GREEN: Enrolment Van,Stable in current zone
Andaman & Nicobar Islands,South Andaman,38.0,672.0,17.23076923076923,0.9743589743589743,38.0,-0.21832668430345784,False,YELLOW: Hybrid Center,Stable in current zone
Andaman and Nicobar Islands,Nicobar,75.0,2598.0,34.18421052631579,0.9868421052631579,64.0,0.17230935089579244,False,YELLOW: Hybrid Center,Will transition to RED within 2-3 years
Andaman and Nicobar Islands,North And Middle Andaman,132.0,8392.0,63.097744360902254,0.9924812030075187,128.0,0.8385261987819611,False,RED: Express Update Hub,Stable RED zone - long-term update demand
Andaman and Nicobar Islands,South Andaman,190.0,13511.0,70.73821989528795,0.9947643979057592,178.0,1.0145757109581899,False,RED: Express Update Hub,Stable RED zone - long-term update demand
Andhra Pradesh,Adilabad,1419.0,81329.0,57.27394366197183,0.9985915492957746,568.5,0.7043359553286505,False,RED: Express Update Hub,Stable RED zone - long-term update demand
Andhra Pradesh,Alluri Sitharama Raju,1255.0,31478.0,25.062101910828027,0.9721337579617835,31.571428571428573,-0.03787949985671674,False,YELLOW: Hybrid Center,Will transition to RED within 2-3 years
Andhra Pradesh,Anakapalli,543.0,20183.0,37.10110294117647,0.9834558823529411,58.111111111111114,0.23951949827414568,False,YELLOW: Hybrid Center,Will transition to RED within 2-3 years
Andhra Pradesh,Anantapur,4415.0,162310.0,36.75498188405797,0.9997735507246377,4089.0,0.2315442822047532,False,YELLOW: Hybrid Center,Will transition to RED within 2-3 years
Andhra Pradesh,Ananthapur,1994.0,114158.0,57.22205513784461,0.9994987468671679,1843.0,0.7031403557460029,False,RED: Express Update Hub,Stable RED zone - long-term update demand
Andhra Pradesh,Ananthapuramu,3187.0,165546.0,51.92785445420326,0.9965495608531995,274.3636363636364,0.5811529946814336,False,RED: Express Update Hub,Stable RED zone - long-term update demand
Andhra Pradesh,Annamayya,1021.0,43346.0,42.41291585127202,0.8962818003913894,8.18867924528302,0.3619126749010637,False,YELLOW: Hybrid Center,Will transition to RED within 2-3 years
Andhra Pradesh,Bapatla,492.0,19496.0,39.545638945233264,0.9655172413793104,24.764705882352942,0.29584575297839916,False,YELLOW: Hybrid Center,Will transition to RED within 2-3 years
Andhra Pradesh,Chittoor,8195.0,420984.0,51.364568081991216,0.9946315275744265,170.29545454545453,0.5681739215076299,False,RED: Express Update Hub,Stable RED zone - long-term update demand
Andhra Pradesh,Cuddapah,5934.0,254463.0,42.87497893850042,0.9994945240101095,1839.6666666666667,0.3725593919457172,False,YELLOW: Hybrid Center,Will transition to RED within 2-3 years
Andhra Pradesh,Dr. B. R. Ambedkar Konaseema,665.0,21462.0,32.22522522522522,0.972972972972973,34.333333333333336,0.1271710077304642,False,YELLOW: Hybrid Center,Will transition to RED within 2-3 years
Andhra Pradesh,East Godavari,7678.0,457875.0,59.62690454486261,0.998567521812736,651.0,0.7585521639583893,False,RED: Express Update Hub,Stable RED zone - long-term update demand
Andhra Pradesh,Eluru,629.0,25814.0,40.974603174603175,0.973015873015873,33.411764705882355,0.328771511900822,False,YELLOW: Hybrid Center,Will transition to RED within 2-3 years
Andhra Pradesh,Guntur,9729.0,468915.0,48.19270298047277,0.9963001027749229,243.58333333333334,0.49508877107451316,False,YELLOW: Hybrid Center,Will transition to RED within 2-3 years
Andhra Pradesh,Hyderabad,4840.0,141950.0,29.322454038421814,0.9995868622185499,1915.5,0.06028623739174991,False,YELLOW: Hybrid Center,Will transition to RED within 2-3 years
Andhra Pradesh,K.V.Rangareddy,69.0,1291.0,18.442857142857143,0.9857142857142858,55.0,-0.19039812348581794,False,YELLOW: Hybrid Center,Stable in current zone
Andhra Pradesh,K.v. Rangareddy,19.0,570.0,28.5,0.95,15.0,0.041335501720927426,False,YELLOW: Hybrid Center,Will transition to RED within 2-3 years
Andhra Pradesh,Kakinada,969.0,39967.0,41.203092783505156,0.9711340206185567,30.642857142857142,0.33403629993705053,False,YELLOW: Hybrid Center,Will transition to RED within 2-3 years
Andhra Pradesh,Karim Nagar,82.0,2848.0,34.31325301204819,0.9879518072289156,71.0,0.17528270858288364,False,YELLOW: Hybrid Center,Will transition to RED within 2-3 years
Andhra Pradesh,Karimnagar,659.0,27458.0,41.6030303030303,0.9984848484848485,552.0,0.3432515385562308,False,YELLOW: Hybrid Center,Will transition to RED within 2-3 years
Andhra Pradesh,Khammam,1133.0,73326.0,64.66137566137566,0.9991181657848325,869.0,0.8745549153759679,False,RED: Express Update Hub,Stable RED zone - long-term update demand
Andhra Pradesh,Krishna,6737.0,345096.0,51.21638468388246,0.9948055802908875,176.0857142857143,0.5647595247423689,False,RED: Express Update Hub,Stable RED zone - long-term update demand
Andhra Pradesh,Kurnool,11770.0,528278.0,44.87961940361907,0.9978761362670971,436.92,0.41874970750717405,False,YELLOW: Hybrid Center,Will transition to RED within 2-3 years
Andhra Pradesh,Mahabub Nagar,1511.0,26665.0,17.63558201058201,0.9993386243386243,1079.0,-0.20899911142032931,False,YELLOW: Hybrid Center,Stable in current zone
Andhra Pradesh,Mahabubnagar,7.0,201.0,25.125,0.875,7.0,-0.036430221226648705,False,YELLOW: Hybrid Center,Will transition to RED within 2-3 years
Andhra Pradesh,Mahbubnagar,722.0,24636.0,34.0746887966805,0.9986168741355463,511.0,0.16978578453029397,False,YELLOW: Hybrid Center,Will transition to RED within 2-3 years
Andhra Pradesh,Medak,1406.0,35408.0,25.165600568585642,0.9985785358919688,588.0,-0.035494715280531636,False,YELLOW: Hybrid Center,Will transition to RED within 2-3 years
Andhra Pradesh,N. T. R,933.0,51629.0,55.27730192719486,0.949678800856531,16.80851063829787,0.6583299440776184,False,RED: Express Update Hub,Stable RED zone - long-term update demand
Andhra Pradesh,Nalgonda,1167.0,62497.0,53.507705479452056,0.9991438356164384,951.0,0.6175554412378608,False,RED: Express Update Hub,Stable RED zone - long-term update demand
Andhra Pradesh,Nandyal,905.0,38025.0,41.97019867549669,0.9922737306843267,122.85714285714286,0.3517117204609222,False,YELLOW: Hybrid Center,Will transition to RED within 2-3 years
Andhra Pradesh,Nellore,5367.0,226600.0,42.21311475409836,0.999441132637854,1537.0,0.35730891882182575,False,YELLOW: Hybrid Center,Will transition to RED within 2-3 years
Andhra Pradesh,Nizamabad,524.0,16520.0,31.466666666666665,0.9980952380952381,453.0,0.10969253226250048,False,YELLOW: Hybrid Center,Will transition to RED within 2-3 years
Andhra Pradesh,Palnadu,860.0,35548.0,41.28687572590012,0.9698025551684089,29.192307692307693,0.33596680099957477,False,YELLOW: Hybrid Center,Will transition to RED within 2-3 years
Andhra Pradesh,Parvathipuram Manyam,508.0,20021.0,39.33398821218075,0.9823182711198428,51.55555555555556,0.2909689611952248,False,YELLOW: Hybrid Center,Will transition to RED within 2-3 years
Andhra Pradesh,Prakasam,7623.0,332797.0,43.65123294858342,0.9918677859391396,103.30645161290323,0.3904456006227719,False,YELLOW: Hybrid Center,Will transition to RED within 2-3 years
Andhra Pradesh,Rangareddi,1883.0,76832.0,40.78131634819533,0.9994692144373672,1478.0,0.3243178556662002,False,YELLOW: Hybrid Center,Will transition to RED within 2-3 years
Andhra Pradesh,Spsr Nellore,2183.0,0.0,0.0,0.8608058608058609,3.838815789473684,-0.6153528253919376,False,GREEN: Enrolment Van,Stable in current zone
Andhra Pradesh,Sri Potti Sriramulu Nellore,1614.0,32200.0,19.938080495356036,0.8117647058823529,2.2664473684210527,-0.15594564201169203,False,YELLOW: Hybrid Center,Stable in current zone
Andhra Pradesh,Sri Sathya Sai,938.0,32522.0,34.63471778487753,0.9787007454739084,43.95,0.18268980205288415,False,YELLOW: Hybrid Center,Will transition to RED within 2-3 years
Andhra Pradesh,Srikakulam,4300.0,328306.0,76.33248081841433,0.9979074633806092,461.8888888888889,1.1434769687490927,False,RED: Express Update Hub,Stable RED zone - long-term update demand
Andhra Pradesh,Tirupati,1719.0,43628.0,25.365116279069767,0.8668604651162791,3.502183406113537,-0.03089753499454726,False,YELLOW: Hybrid Center,Will transition to RED within 2-3 years
Andhra Pradesh,Visakhapatanam,226.0,0.0,0.0,0.9427312775330396,14.307692307692308,-0.6153528253919376,False,GREEN: Enrolment Van,Stable in current zone
Andhra Pradesh,Visakhapatnam,8178.0,468496.0,57.28035212128622,0.9962098055997065,248.0,0.7044836170980027,False,RED: Express Update Hub,Stable RED zone - long-term update demand
Andhra Pradesh,Vizianagaram,3856.0,238885.0,61.93544205340939,0.9989629245527613,923.75,0.8117447827150519,False,RED: Express Update Hub,Stable RED zone - long-term update demand
Andhra Pradesh,Warangal,1059.0,86524.0,81.62641509433962,0.9990566037735849,858.0,1.2654581913281395,False,RED: Express Update Hub,Stable RED zone - long-term update demand
Andhra Pradesh,West Godavari,5935.0,347220.0,58.49393530997305,0.995788409703504,222.72,0.7324466316240044,False,RED: Express Update Hub,Stable RED zone - long-term update demand
Andhra Pradesh,Y. S. R,823.0,36794.0,44.65291262135922,0.9587378640776699,21.705882352941178,0.4135259988198983,False,YELLOW: Hybrid Center,Will transition to RED within 2-3 years
Arunachal Pradesh,Anjaw,37.0,1931.0,50.81578947368421,0.8947368421052632,5.75,0.5555291318148421,False,RED: Express Update Hub,Stable RED zone - long-term update demand
Arunachal Pradesh,Changlang,803.0,13842.0,17.21641791044776,0.9825870646766169,34.714285714285715,-0.2186573630590286,False,YELLOW: Hybrid Center,Stable in current zone
Arunachal Pradesh,Dibang Valley,10.0,631.0,57.36363636363637,0.9090909090909091,7.0,0.7064026272658547,False,RED: Express Update Hub,Stable RED zone - long-term update demand
Arunachal Pradesh,East Kameng,181.0,5719.0,31.423076923076923,0.9175824175824175,5.866666666666666,0.10868815065558025,False,YELLOW: Hybrid Center,Will transition to RED within 2-3 years
Arunachal Pradesh,East Siang,168.0,5824.0,34.46153846153846,0.9822485207100592,26.666666666666668,0.17869945678502197,False,YELLOW: Hybrid Center,Will transition to RED within 2-3 years
Arunachal Pradesh,Kamle,30.0,461.0,14.870967741935484,0.9032258064516129,1.0,-0.27270051209365714,False,GREEN: Enrolment Van,Stable in current zone
Arunachal Pradesh,Kra Daadi,81.0,1754.0,21.390243902439025,0.9390243902439024,3.6,-0.12248533469618868,False,YELLOW: Hybrid Center,Stable in current zone
Arunachal Pradesh,Kurung Kumey,75.0,3725.0,49.01315789473684,0.8289473684210527,1.4615384615384615,0.5139934435348502,False,YELLOW: Hybrid Center,Will transition to RED within 2-3 years
Arunachal Pradesh,Leparada,3.0,59.0,14.75,0.5,0.0,-0.27548781399141975,False,GREEN: Enrolment Van,Stable in current zone
Arunachal Pradesh,Lohit,166.0,5757.0,34.47305389221557,0.9880239520958084,51.0,0.17896479183440211,False,YELLOW: Hybrid Center,Will transition to RED within 2-3 years
Arunachal Pradesh,Longding,897.0,4084.0,4.547884187082405,0.9576837416481069,3.710526315789474,-0.5105618619281412,False,GREEN: Enrolment Van,Stable in current zone
Arunachal Pradesh,Lower Dibang Valley,109.0,3405.0,30.954545454545453,0.9727272727272728,19.333333333333332,0.0978923911373464,False,YELLOW: Hybrid Center,Will transition to RED within 2-3 years
Arunachal Pradesh,Lower Siang,31.0,752.0,23.5,0.875,2.5,-0.0738729767199261,False,YELLOW: Hybrid Center,Stable in current zone
Arunachal Pradesh,Lower Subansiri,105.0,4201.0,39.632075471698116,0.9905660377358491,50.0,0.29783739711754476,False,YELLOW: Hybrid Center,Will transition to RED within 2-3 years
Arunachal Pradesh,Namsai,150.0,8138.0,53.89403973509934,0.9867549668874173,47.5,0.6264572375904014,False,RED: Express Update Hub,Stable RED zone - long-term update demand
Arunachal Pradesh,Pakke Kessang,4.0,161.0,32.2,0.6,1.0,0.1265897757671591,False,YELLOW: Hybrid Center,Will transition to RED within 2-3 years
Arunachal Pradesh,Papum Pare,447.0,14181.0,31.654017857142858,0.9866071428571429,33.5,0.11400942138026941,False,YELLOW: Hybrid Center,Will transition to RED within 2-3 years
Arunachal Pradesh,Shi-yomi,35.0,767.0,21.305555555555557,0.8333333333333334,1.3333333333333333,-0.12443669781341177,False,YELLOW: Hybrid Center,Stable in current zone
Arunachal Pradesh,Siang,103.0,2086.0,20.057692307692307,0.9519230769230769,7.8,-0.15318958303112912,False,YELLOW: Hybrid Center,Stable in current zone
Arunachal Pradesh,Tawang,154.0,3415.0,22.032258064516128,0.9483870967741935,13.0,-0.10769223974611215,False,YELLOW: Hybrid Center,Stable in current zone
Arunachal Pradesh,Tirap,99.0,2883.0,28.83,0.98,29.5,0.048939261298023715,False,YELLOW: Hybrid Center,Will transition to RED within 2-3 years
Arunachal Pradesh,Upper Siang,43.0,3117.0,70.8409090909091,0.9545454545454546,10.5,1.0169418441541551,False,RED: Express Update Hub,Stable RED zone - long-term update demand
Arunachal Pradesh,Upper Subansiri,143.0,5715.0,39.6875,0.9097222222222222,5.846153846153846,0.29911447223233717,False,YELLOW: Hybrid Center,Will transition to RED within 2-3 years
Arunachal Pradesh,West Kameng,278.0,8031.0,28.78494623655914,0.931899641577061,8.263157894736842,0.04790114619121263,False,YELLOW: Hybrid Center,Will transition to RED within 2-3 years
Arunachal Pradesh,West Siang,192.0,8198.0,42.476683937823836,0.9844559585492227,36.666666666666664,0.36338199974600766,False,YELLOW: Hybrid Center,Will transition to RED within 2-3 years
Assam,Bajali,29.0,867.0,28.9,0.9,6.333333333333333,0.05055217999619567,False,YELLOW: Hybrid Center,Will transition to RED within 2-3 years
Assam,Baksa,3699.0,34467.0,9.315405405405405,0.8916216216216216,5.286783042394015,-0.4007100888286459,False,GREEN: Enrolment Van,Stable in current zone
Assam,Barpeta,14383.0,154563.0,10.745481090100112,0.9629449388209121,19.784240150093808,-0.367758720090858,False,GREEN: Enrolment Van,Stable in current zone
Assam,Biswanath,1329.0,20573.0,15.468421052631578,0.9421052631578948,10.246753246753247,-0.2589341747207077,False,YELLOW: Hybrid Center,Stable in current zone
Assam,Bongaigaon,3175.0,75732.0,23.84508816120907,0.9288413098236776,10.283185840707965,-0.06592156032375632,False,YELLOW: Hybrid Center,Stable in current zone
Assam,Cachar,17514.0,124164.0,7.089009420496717,0.9127604910077077,7.5091623036649215,-0.4520100275942769,False,GREEN: Enrolment Van,Stable in current zone
Assam,Charaideo,1189.0,18206.0,15.299159663865547,0.8361344537815126,3.3794871794871795,-0.2628342441324117,False,YELLOW: Hybrid Center,Stable in current zone
Assam,Chirang,3348.0,40484.0,12.088384592415647,0.9208719020603165,7.59622641509434,-0.33681594625192485,False,GREEN: Enrolment Van,Stable in current zone
Assam,Darrang,7595.0,54584.0,7.185887309110058,0.8299104791995787,3.3978328173374615,-0.4497777967659358,False,GREEN: Enrolment Van,Stable in current zone
Assam,Dhemaji,6901.0,43079.0,6.24152419588525,0.8272964358157056,3.2416107382550337,-0.47153752423999534,False,GREEN: Enrolment Van,Stable in current zone
Assam,Dhubri,12646.0,140274.0,11.09148414643789,0.9710603305131652,23.038251366120218,-0.359786222959546,False,GREEN: Enrolment Van,Stable in current zone
Assam,Dibrugarh,7062.0,53254.0,7.539855585445278,0.7886167350984001,2.608841259209645,-0.4416217674593534,False,GREEN: Enrolment Van,Stable in current zone
Assam,Dima Hasao,250.0,305.0,1.2151394422310757,0.8844621513944223,4.103448275862069,-0.5873539521453557,False,GREEN: Enrolment Van,Stable in current zone
Assam,Goalpara,9898.0,68191.0,6.888675623800384,0.9193857965451055,8.62280701754386,-0.4566260579738097,False,GREEN: Enrolment Van,Stable in current zone
Assam,Golaghat,11505.0,48078.0,4.178515557100643,0.8329567182339649,2.880853277835588,-0.5190727414969376,False,GREEN: Enrolment Van,Stable in current zone
Assam,Hailakandi,5578.0,42425.0,7.604409392364223,0.9440759992830257,12.262820512820513,-0.44013433828481413,False,GREEN: Enrolment Van,Stable in current zone
Assam,Hojai,7050.0,54310.0,7.702453552687562,0.9778754786555098,33.8974358974359,-0.4378752345786415,False,GREEN: Enrolment Van,Stable in current zone
Assam,Jorhat,4887.0,36067.0,7.378682487725041,0.8238543371522095,3.3739837398373984,-0.4453354689301429,False,GREEN: Enrolment Van,Stable in current zone
Assam,Kamrup,13666.0,87836.0,6.4268676373746985,0.9278554181605326,9.443204868154158,-0.4672668970633972,False,GREEN: Enrolment Van,Stable in current zone
Assam,Kamrup Metro,6046.0,52953.0,8.756904250041343,0.7787332561600794,1.9835575485799701,-0.4135789024920364,False,GREEN: Enrolment Van,Stable in current zone
Assam,Karbi Anglong,8107.0,70327.0,8.673778983719783,0.8664282190429206,2.6943674976915974,-0.4154942495826159,False,GREEN: Enrolment Van,Stable in current zone
Assam,Karimganj,14833.0,77060.0,5.194822704597546,0.9598894431710935,15.690756302521008,-0.4956553014786011,False,GREEN: Enrolment Van,Stable in current zone
Assam,Kokrajhar,4609.0,51528.0,11.177440347071583,0.8874186550976139,4.853564547206166,-0.3578056463420331,False,GREEN: Enrolment Van,Stable in current zone
Assam,Lakhimpur,7199.0,65184.0,9.053333333333333,0.9098611111111111,7.2819722650231125,-0.40674867376169893,False,GREEN: Enrolment Van,Stable in current zone
Assam,Majuli,515.0,6663.0,12.912790697674419,0.9767441860465116,28.916666666666668,-0.3178202316510822,False,GREEN: Enrolment Van,Stable in current zone
Assam,Marigaon,10487.0,77746.0,7.412852784134249,0.9213386727688787,8.163636363636364,-0.44454812735870736,False,GREEN: Enrolment Van,Stable in current zone
Assam,Nagaon,12873.0,215256.0,16.720211278545907,0.9693956812179587,22.84771573604061,-0.23009080526976325,False,YELLOW: Hybrid Center,Stable in current zone
Assam,Nalbari,3881.0,41212.0,10.61617722823287,0.949510561566203,13.821428571428571,-0.37073810032730836,False,GREEN: Enrolment Van,Stable in current zone
Assam,North Cachar Hills,1058.0,7623.0,7.198300283286119,0.8696883852691218,3.630434782608696,-0.4494917807923859,False,GREEN: Enrolment Van,Stable in current zone
Assam,Sibsagar,2737.0,24450.0,8.929875821767714,0.7578524470416362,2.354449472096531,-0.4095933441736127,False,GREEN: Enrolment Van,Stable in current zone
Assam,Sivasagar,422.0,0.0,0.0,0.7494089834515366,1.9245283018867925,-0.6153528253919376,False,GREEN: Enrolment Van,Stable in current zone
Assam,Sonitpur,9197.0,73693.0,8.011850402261361,0.8941074146553598,5.647843942505133,-0.4307462065238833,False,GREEN: Enrolment Van,Stable in current zone
Assam,South Salmara Mankachar,1472.0,25895.0,17.57976917854718,0.9680923285811269,22.595744680851062,-0.21028513371157082,False,YELLOW: Hybrid Center,Stable in current zone
Assam,Sribhumi,169.0,5444.0,32.023529411764706,0.9294117647058824,9.583333333333334,0.1225235941751289,False,YELLOW: Hybrid Center,Will transition to RED within 2-3 years
Assam,Tamulpur District,55.0,1338.0,23.892857142857142,0.9821428571428571,22.0,-0.06482088198528761,False,YELLOW: Hybrid Center,Stable in current zone
Assam,Tinsukia,8384.0,54498.0,6.499463327370304,0.8051282051282052,2.3769889840881273,-0.4655941692662457,False,GREEN: Enrolment Van,Stable in current zone
Assam,Udalguri,4565.0,42128.0,9.226456416995182,0.8716600963644328,4.535836177474403,-0.40275962435136486,False,GREEN: Enrolment Van,Stable in current zone
Assam,West Karbi Anglong,1884.0,4843.0,2.5692307692307694,0.7305039787798409,0.7677165354330708,-0.5561533918546375,False,GREEN: Enrolment Van,Stable in current zone
BALANAGAR,IDPL COLONY,0.0,2.0,2.0,,,-0.5692694340155963,False,GREEN: Enrolment Van,Stable in current zone
Bihar,Araria,15579.0,310759.0,19.94602053915276,0.9919127086007702,78.88095238095238,-0.15576268993877723,False,YELLOW: Hybrid Center,Stable in current zone
Bihar,Arwal,3866.0,58474.0,15.121282648047583,0.990949056115852,23.2,-0.26693283220080916,False,YELLOW: Hybrid Center,Stable in current zone
Bihar,Aurangabad,10170.0,202270.0,19.886933438206665,0.9927244125454724,40.554054054054056,-0.15712415693787335,False,YELLOW: Hybrid Center,Stable in current zone
Bihar,Aurangabad(BH),8.0,34.0,3.7777777777777777,0.8888888888888888,5.0,-0.5283064194588483,False,GREEN: Enrolment Van,Stable in current zone
Bihar,Aurangabad(bh),105.0,892.0,8.415094339622641,0.9905660377358491,44.0,-0.42145478243110496,False,GREEN: Enrolment Van,Stable in current zone
Bihar,Banka,11074.0,196347.0,17.728848758465013,0.9927765237020316,77.475,-0.20685008739778382,False,YELLOW: Hybrid Center,Stable in current zone
Bihar,Begusarai,13209.0,280198.0,21.2110522331567,0.9955336866010598,137.38983050847457,-0.12661421460964734,False,YELLOW: Hybrid Center,Stable in current zone
Bihar,Bhabua,31.0,165.0,5.15625,0.96875,14.0,-0.49654408199980743,False,GREEN: Enrolment Van,Stable in current zone
Bihar,Bhagalpur,21062.0,303340.0,14.401557233062716,0.9820538384845464,27.66137566137566,-0.28351652619193285,False,GREEN: Enrolment Van,Stable in current zone
Bihar,Bhojpur,13357.0,239337.0,17.91712831262165,0.9919898188351549,29.30841121495327,-0.20251180720660214,False,YELLOW: Hybrid Center,Stable in current zone
Bihar,Buxar,7240.0,130930.0,18.081756663444274,0.9910233393177738,38.89230769230769,-0.19871849084530183,False,YELLOW: Hybrid Center,Stable in current zone
Bihar,Darbhanga,15765.0,364308.0,23.10719269313713,0.9954332107065837,139.125,-0.08292392314875024,False,YELLOW: Hybrid Center,Stable in current zone
Bihar,East Champaran,29323.0,460162.0,15.6923339244305,0.9725139817214569,12.589330024813895,-0.25377484246805254,False,YELLOW: Hybrid Center,Stable in current zone
Bihar,Gaya,27401.0,380346.0,13.880227720604335,0.9840887526457923,15.417431192660551,-0.29552884217126124,False,GREEN: Enrolment Van,Stable in current zone
Bihar,Gopalganj,15148.0,209351.0,13.819460030365041,0.9869958413096575,26.918781725888326,-0.2969290327974281,False,GREEN: Enrolment Van,Stable in current zone
Bihar,Jamui,10382.0,149077.0,14.3577963979582,0.9844938842338438,32.254658385093165,-0.2845248500374713,False,GREEN: Enrolment Van,Stable in current zone
Bihar,Jehanabad,4883.0,83791.0,17.156224406224407,0.9709254709254709,6.443661971830986,-0.22004432346574773,False,YELLOW: Hybrid Center,Stable in current zone
Bihar,Kaimur (Bhabua),7825.0,145175.0,18.550345003833375,0.989010989010989,35.26744186046512,-0.1879214209030312,False,YELLOW: Hybrid Center,Stable in current zone
Bihar,Katihar,16350.0,397574.0,24.314965445538498,0.9929056326830163,97.6896551724138,-0.055094790927453584,False,YELLOW: Hybrid Center,Stable in current zone
Bihar,Khagaria,8196.0,155528.0,18.97377089178968,0.9914602903501281,62.114285714285714,-0.17816497044624854,False,YELLOW: Hybrid Center,Stable in current zone
Bihar,Kishanganj,8764.0,286420.0,32.677695379349686,0.9970336565887051,267.5769230769231,0.13759668732977975,False,YELLOW: Hybrid Center,Will transition to RED within 2-3 years
Bihar,Lakhisarai,6155.0,98380.0,15.981156595191683,0.9887914230019493,38.608695652173914,-0.24711987838052862,False,YELLOW: Hybrid Center,Stable in current zone
Bihar,Madhepura,9027.0,209098.0,23.16105449712007,0.9955693398316349,114.275,-0.08168285585215944,False,YELLOW: Hybrid Center,Stable in current zone
Bihar,Madhubani,25930.0,419826.0,16.190119933670125,0.9691874590258763,15.76720901126408,-0.24230500872532415,False,YELLOW: Hybrid Center,Stable in current zone
Bihar,Monghyr,49.0,381.0,7.62,0.98,29.0,-0.43977510424807686,False,GREEN: Enrolment Van,Stable in current zone
Bihar,Munger,6087.0,106418.0,17.479960578186596,0.982095926412615,22.431192660550458,-0.2125848931081417,False,YELLOW: Hybrid Center,Stable in current zone
Bihar,Muzaffarpur,28855.0,415461.0,14.397733573606876,0.9769198780149709,21.15165165165165,-0.2836046297895295,False,GREEN: Enrolment Van,Stable in current zone
Bihar,Nalanda,14575.0,270445.0,18.55413007683864,0.9906009879253568,26.83211678832117,-0.1878342064026864,False,YELLOW: Hybrid Center,Stable in current zone
Bihar,Nawada,15413.0,172763.0,11.208187362138316,0.9810561826910601,9.39041095890411,-0.35709718297754584,False,GREEN: Enrolment Van,Stable in current zone
Bihar,Pashchim Champaran,16359.0,1473.0,0.09003667481662592,0.9655867970660147,8.987566607460035,-0.6132782277300382,False,GREEN: Enrolment Van,Stable in current zone
Bihar,Patna,24644.0,452786.0,18.37232704402516,0.9696084398458105,9.005340453938585,-0.1920232565599611,False,YELLOW: Hybrid Center,Stable in current zone
Bihar,Purba Champaran,127.0,1198.0,9.359375,0.9921875,61.0,-0.39969695481046497,False,GREEN: Enrolment Van,Stable in current zone
Bihar,Purbi Champaran,14871.0,0.0,0.0,0.9461403980634749,4.9937578027465666,-0.6153528253919376,False,GREEN: Enrolment Van,Stable in current zone
Bihar,Purnea,257.0,7760.0,30.07751937984496,0.9961240310077519,169.0,0.07768422321350679,False,YELLOW: Hybrid Center,Will transition to RED within 2-3 years
Bihar,Purnia,20100.0,371925.0,18.502810805432567,0.9907964777871747,65.91891891891892,-0.18901668943736374,False,YELLOW: Hybrid Center,Stable in current zone
Bihar,Rohtas,7939.0,229455.0,28.898614609571787,0.9900503778337532,34.69620253164557,0.05052025825153952,False,YELLOW: Hybrid Center,Will transition to RED within 2-3 years
Bihar,Saharsa,13063.0,201043.0,15.389084507042254,0.98423147581139,30.490291262135923,-0.2607622232611276,False,YELLOW: Hybrid Center,Stable in current zone
Bihar,Samastipur,19207.0,402457.0,20.952571845064558,0.993127863390254,85.52272727272727,-0.13257004105342673,False,YELLOW: Hybrid Center,Stable in current zone
Bihar,Samstipur,82.0,643.0,7.746987951807229,0.9879518072289156,41.0,-0.4368490865064706,False,GREEN: Enrolment Van,Stable in current zone
Bihar,Saran,24218.0,318348.0,13.144555927164623,0.9909162228002808,34.50909090909091,-0.3124799677620699,False,GREEN: Enrolment Van,Stable in current zone
Bihar,Sheikhpura,3199.0,68511.0,21.4096875,0.993125,56.54545454545455,-0.12203732123810541,False,YELLOW: Hybrid Center,Stable in current zone
Bihar,Sheikpura,29.0,311.0,10.366666666666667,0.9666666666666667,11.0,-0.37648724675790135,False,GREEN: Enrolment Van,Stable in current zone
Bihar,Sheohar,3262.0,64162.0,19.66349984676678,0.9963224026969046,172.25,-0.16227244575834623,False,YELLOW: Hybrid Center,Stable in current zone
Bihar,Sitamarhi,42232.0,351848.0,8.33111547841735,0.9361163071531741,7.6645663454410675,-0.4233897977952364,False,GREEN: Enrolment Van,Stable in current zone
Bihar,Siwan,15311.0,249526.0,16.29610762800418,0.9909874608150471,44.55797101449275,-0.23986287252578803,False,YELLOW: Hybrid Center,Stable in current zone
Bihar,Supaul,10411.0,219281.0,21.060411064156742,0.9848252016903573,36.01898734177215,-0.13008524258385465,False,YELLOW: Hybrid Center,Stable in current zone
Bihar,Vaishali,18007.0,323754.0,17.97834295868503,0.9970568636161706,155.79245283018867,-0.20110131796035066,False,YELLOW: Hybrid Center,Stable in current zone
Bihar,West Champaran,30438.0,400206.0,13.147803804329971,0.974243569105424,14.776785714285714,-0.31240513116479335,False,GREEN: Enrolment Van,Stable in current zone
Chandigarh,Chandigarh,2720.0,157798.0,57.992649761117235,0.9864020580668872,66.83783783783784,0.7208961625543912,False,RED: Express Update Hub,Stable RED zone - long-term update demand
Chandigarh,Mohali,0.0,11.0,11.0,,,-0.3618941728220599,False,GREEN: Enrolment Van,Stable in current zone
Chandigarh,Rupnagar,3.0,34.0,8.5,0.75,3.0,-0.41949841204248667,False,GREEN: Enrolment Van,Stable in current zone
Chhatisgarh,Raipur,0.0,9.0,9.0,,,-0.4079775641984013,False,GREEN: Enrolment Van,Stable in current zone
Chhattisgarh,Balod,1678.0,140949.0,83.94818344252532,0.9970220369267421,320.6,1.3189556710654613,False,RED: Express Update Hub,Stable RED zone - long-term update demand
Chhattisgarh,Baloda Bazar,4944.0,257017.0,51.97512639029323,0.9931243680485339,127.91176470588235,0.5822422202474091,False,RED: Express Update Hub,Stable RED zone - long-term update demand
Chhattisgarh,Balrampur,6190.0,112544.0,18.17864642222581,0.9886932644160878,65.61428571428571,-0.19648598650815738,False,YELLOW: Hybrid Center,Stable in current zone
Chhattisgarh,Bastar,6608.0,173815.0,26.299742775003782,0.99894083825087,684.8571428571429,-0.009362155693134368,False,YELLOW: Hybrid Center,Will transition to RED within 2-3 years
Chhattisgarh,Bemetara,2771.0,170403.0,61.472943722943725,0.9956709956709957,204.83333333333334,0.8010880369281751,False,RED: Express Update Hub,Stable RED zone - long-term update demand
Chhattisgarh,Bijapur,6724.0,40931.0,6.08639405204461,0.7973234200743494,2.6419662509170947,-0.4751119858064335,False,GREEN: Enrolment Van,Stable in current zone
Chhattisgarh,Bilaspur,8941.0,348378.0,38.95974055021248,0.9977633639006933,374.5,0.28234566045614257,False,YELLOW: Hybrid Center,Will transition to RED within 2-3 years
Chhattisgarh,Dakshin Bastar Dantewada,1224.0,33107.0,27.026122448979592,0.9795918367346939,41.12,0.007374863708688895,False,YELLOW: Hybrid Center,Will transition to RED within 2-3 years
Chhattisgarh,Dantewada,710.0,21326.0,29.9943741209564,0.9985935302390999,584.0,0.07576841546028242,False,YELLOW: Hybrid Center,Will transition to RED within 2-3 years
Chhattisgarh,Dhamtari,1968.0,134991.0,68.55815134586085,0.9979685119349924,469.0,0.9643432348629387,False,RED: Express Update Hub,Stable RED zone - long-term update demand
Chhattisgarh,Durg,4095.0,257000.0,62.744140625,0.98828125,73.5,0.8303785691051011,False,RED: Express Update Hub,Stable RED zone - long-term update demand
Chhattisgarh,Gariyaband,1542.0,79687.0,51.644199611147116,0.9954633830200907,186.71428571428572,0.574617106107258,False,RED: Express Update Hub,Stable RED zone - long-term update demand
Chhattisgarh,Gaurela-pendra-marwahi,140.0,5714.0,40.52482269503546,0.9574468085106383,19.166666666666668,0.3184078069641432,False,YELLOW: Hybrid Center,Will transition to RED within 2-3 years
Chhattisgarh,Gaurella Pendra Marwahi,983.0,0.0,0.0,0.9278455284552846,8.774647887323944,-0.6153528253919376,False,GREEN: Enrolment Van,Stable in current zone
Chhattisgarh,Janjgir - Champa,33.0,415.0,12.205882352941176,0.9705882352941176,32.0,-0.3341085986098541,False,GREEN: Enrolment Van,Stable in current zone
Chhattisgarh,Janjgir Champa,25.0,428.0,16.46153846153846,0.9615384615384616,21.0,-0.2360510656020507,False,YELLOW: Hybrid Center,Stable in current zone
Chhattisgarh,Janjgir-champa,4639.0,292814.0,63.10646551724138,0.9995689655172414,2033.0,0.8387271490123764,False,RED: Express Update Hub,Stable RED zone - long-term update demand
Chhattisgarh,Jashpur,2543.0,145626.0,57.242924528301884,0.9988207547169812,555.3333333333334,0.7036212218901169,False,RED: Express Update Hub,Stable RED zone - long-term update demand
Chhattisgarh,Kabeerdham,955.0,59618.0,62.36192468619247,0.99581589958159,215.0,0.8215716657559294,False,RED: Express Update Hub,Stable RED zone - long-term update demand
Chhattisgarh,Kanker,1705.0,82049.0,48.094372801875735,0.9982415005861665,475.3333333333333,0.49282307702231687,False,YELLOW: Hybrid Center,Will transition to RED within 2-3 years
Chhattisgarh,Kawardha,2142.0,127791.0,59.631824545030334,0.999066728884741,942.0,0.7586655291050398,False,RED: Express Update Hub,Stable RED zone - long-term update demand
Chhattisgarh,Khairagarh Chhuikhadan Gandai,246.0,7138.0,28.898785425101213,0.9959514170040485,183.0,0.05052419413098736,False,YELLOW: Hybrid Center,Will transition to RED within 2-3 years
Chhattisgarh,Kondagaon,3038.0,119310.0,39.25962487660414,0.9967094438960185,197.5,0.28925550384651133,False,YELLOW: Hybrid Center,Will transition to RED within 2-3 years
Chhattisgarh,Korba,3542.0,185248.0,52.28563364380469,0.9960485464295794,217.14285714285714,0.5893968338917899,False,RED: Express Update Hub,Stable RED zone - long-term update demand
Chhattisgarh,Koriya,1763.0,92632.0,52.512471655328795,0.9988662131519275,629.0,0.5946235663238382,False,RED: Express Update Hub,Stable RED zone - long-term update demand
Chhattisgarh,Mahasamund,3361.0,234756.0,69.82629387269482,0.992266508030934,106.65384615384616,0.9935633890554749,False,RED: Express Update Hub,Stable RED zone - long-term update demand
Chhattisgarh,ManendragarhChirmiriBharatpur,0.0,312.0,312.0,,,6.573656229317322,True,RED: Express Update Hub,Stable RED zone - long-term update demand
Chhattisgarh,Manendragarh–Chirmiri–Bharatpur,294.0,5394.0,18.284745762711864,0.9966101694915255,188.0,-0.19404127779196212,False,YELLOW: Hybrid Center,Stable in current zone
Chhattisgarh,Mohalla-Manpur-Ambagarh Chowki,14.0,248.0,16.533333333333335,0.9333333333333333,10.0,-0.23439679001418195,False,YELLOW: Hybrid Center,Stable in current zone
Chhattisgarh,Mohla-Manpur-Ambagarh Chouki,259.0,24406.0,93.86923076923077,0.9807692307692307,32.4,1.5475534244753477,False,RED: Express Update Hub,Stable RED zone - long-term update demand
Chhattisgarh,Mungeli,2957.0,153131.0,51.7684246112238,0.9989858012170385,866.6666666666666,0.577479460755888,False,RED: Express Update Hub,Stable RED zone - long-term update demand
Chhattisgarh,Narayanpur,762.0,38938.0,51.032765399737876,0.9882044560943644,49.77777777777778,0.5605286250746296,False,RED: Express Update Hub,Stable RED zone - long-term update demand
Chhattisgarh,Raigarh,4956.0,258062.0,52.06011700625378,0.9923340730280411,113.0,0.5842005481567225,False,RED: Express Update Hub,Stable RED zone - long-term update demand
Chhattisgarh,Raipur,7041.0,325376.0,46.20505538199375,0.9917637034933258,106.98275862068965,0.4492899999750364,False,YELLOW: Hybrid Center,Will transition to RED within 2-3 years
Chhattisgarh,Rajnandgaon,4185.0,302616.0,72.29240324892498,0.9942666029622551,157.95833333333334,1.0503867308363148,False,RED: Express Update Hub,Stable RED zone - long-term update demand
Chhattisgarh,Sakti,455.0,13709.0,30.06359649122807,0.993421052631579,124.33333333333333,0.07736341625089604,False,YELLOW: Hybrid Center,Will transition to RED within 2-3 years
Chhattisgarh,Sarangarh-Bilaigarh,186.0,9098.0,48.6524064171123,0.9786096256684492,39.75,0.5056811177683675,False,YELLOW: Hybrid Center,Will transition to RED within 2-3 years
Chhattisgarh,Sukma,2179.0,42885.0,19.672018348623855,0.944954128440367,10.466666666666667,-0.16207616503083638,False,YELLOW: Hybrid Center,Stable in current zone
Chhattisgarh,Surajpur,2977.0,113889.0,38.243451981195435,0.9973136333109469,281.25,0.2658411572239366,False,YELLOW: Hybrid Center,Will transition to RED within 2-3 years
Chhattisgarh,Surguja,3556.0,198543.0,55.817542873207756,0.9966263705369693,238.83333333333334,0.6707780115539369,False,RED: Express Update Hub,Stable RED zone - long-term update demand
Chhattisgarh,Uttar Bastar Kanker,888.0,43869.0,49.346456692913385,0.9898762654668166,79.77777777777777,0.521673213015667,False,YELLOW: Hybrid Center,Will transition to RED within 2-3 years
Dadra & Nagar Haveli,Dadra & Nagar Haveli,25.0,788.0,30.307692307692307,0.9615384615384616,22.0,0.0829877977726206,False,YELLOW: Hybrid Center,Will transition to RED within 2-3 years
Dadra and Nagar Haveli,Dadra and Nagar Haveli,744.0,33268.0,44.65503355704698,0.9932885906040269,133.8,0.41357486877458977,False,YELLOW: Hybrid Center,Will transition to RED within 2-3 years
Dadra and Nagar Haveli and Daman and Diu,Dadra and Nagar Haveli,88.0,3667.0,41.20224719101124,0.898876404494382,7.777777777777778,0.3340168160521295,False,YELLOW: Hybrid Center,Will transition to RED within 2-3 years
Dadra and Nagar Haveli and Daman and Diu,Daman,63.0,2208.0,34.5,0.84375,4.9,0.17958567584995164,False,YELLOW: Hybrid Center,Will transition to RED within 2-3 years
Dadra and Nagar Haveli and Daman and Diu,Diu,22.0,397.0,17.26086956521739,0.782608695652174,2.4,-0.21763312155699116,False,YELLOW: Hybrid Center,Stable in current zone
Daman & Diu,Daman,9.0,1789.0,178.9,0.9,8.0,3.5068065332218015,True,RED: Express Update Hub,Stable RED zone - long-term update demand
Daman & Diu,Diu,12.0,1040.0,80.0,0.9230769230769231,12.0,1.2279828296617186,False,RED: Express Update Hub,Stable RED zone - long-term update demand
Daman and Diu,Daman,58.0,5137.0,87.0677966101695,0.9830508474576272,47.0,1.3908368483391285,False,RED: Express Update Hub,Stable RED zone - long-term update demand
Daman and Diu,Diu,62.0,3178.0,50.44444444444444,0.9841269841269841,60.0,0.5469727126557845,False,RED: Express Update Hub,Stable RED zone - long-term update demand
Darbhanga,Near University Thana,0.0,2.0,2.0,,,-0.5692694340155963,False,GREEN: Enrolment Van,Stable in current zone
Delhi,Central Delhi,3947.0,103107.0,26.11626139817629,0.9508611955420466,14.231958762886597,-0.01358987774243998,False,YELLOW: Hybrid Center,Will transition to RED within 2-3 years
Delhi,East Delhi,10736.0,309866.0,28.85964422091832,0.979137561702524,35.95982142857143,0.04962231441533658,False,YELLOW: Hybrid Center,Will transition to RED within 2-3 years
Delhi,Najafgarh,30.0,1040.0,33.54838709677419,0.967741935483871,21.0,0.15765890092088594,False,YELLOW: Hybrid Center,Will transition to RED within 2-3 years
Delhi,New Delhi,1637.0,8624.0,5.264957264957265,0.8669108669108669,4.2110091743119265,-0.49403928228156885,False,GREEN: Enrolment Van,Stable in current zone
Delhi,North Delhi,4459.0,147730.0,33.12331838565022,0.9816143497757848,38.390243902439025,0.1478645970326045,False,YELLOW: Hybrid Center,Will transition to RED within 2-3 years
Delhi,North East,1738.0,58447.0,33.6095457159287,0.9982748706152962,442.6666666666667,0.15906809921215276,False,YELLOW: Hybrid Center,Will transition to RED within 2-3 years
Delhi,North East   *,2.0,0.0,0.0,0.6666666666666666,2.0,-0.6153528253919376,False,GREEN: Enrolment Van,Stable in current zone
Delhi,North East Delhi,12113.0,284244.0,23.464091134224862,0.9945517582961863,125.74242424242425,-0.0747003778776242,False,YELLOW: Hybrid Center,Stable in current zone
Delhi,North West Delhi,16043.0,639282.0,39.845549738219894,0.9778110196958365,34.81741573033708,0.302756206203995,False,YELLOW: Hybrid Center,Will transition to RED within 2-3 years
Delhi,Shahdara,1700.0,36507.0,21.462081128747794,0.9617871840094062,17.246153846153845,-0.12083008318849976,False,YELLOW: Hybrid Center,Stable in current zone
Delhi,South Delhi,13395.0,436425.0,32.578754852194685,0.9643177067781428,21.209205020920503,0.13531692981184704,False,YELLOW: Hybrid Center,Will transition to RED within 2-3 years
Delhi,South East Delhi,60.0,1751.0,28.704918032786885,0.9016393442622951,7.666666666666667,0.04605716067342142,False,YELLOW: Hybrid Center,Will transition to RED within 2-3 years
Delhi,South West Delhi,9255.0,311226.0,33.624243733794295,0.9611063094209161,19.308333333333334,0.15940676646703117,False,YELLOW: Hybrid Center,Will transition to RED within 2-3 years
Delhi,West Delhi,19414.0,405047.0,20.862580479011076,0.9479783672418234,13.861386138613861,-0.13464359472459383,False,YELLOW: Hybrid Center,Stable in current zone
Goa,Bardez,2.0,71.0,23.666666666666668,0.6666666666666666,2.0,-0.07003269410523096,False,YELLOW: Hybrid Center,Stable in current zone
Goa,Bicholim,0.0,4.0,4.0,,,-0.5231860426392548,False,GREEN: Enrolment Van,Stable in current zone
Goa,North Goa,1354.0,56614.0,41.78154981549815,0.9261992619926199,11.09,0.3473649308369156,False,YELLOW: Hybrid Center,Will transition to RED within 2-3 years
Goa,South Goa,977.0,46822.0,47.875255623721884,0.9335378323108384,12.384615384615385,0.4877742456832451,False,YELLOW: Hybrid Center,Will transition to RED within 2-3 years
Goa,Tiswadi,0.0,6.0,6.0,,,-0.4771026512629134,False,GREEN: Enrolment Van,Stable in current zone
Gujarat,Ahmadabad,6667.0,23442.0,3.515596880623875,0.9638572285542891,17.033195020746888,-0.5343475119063201,False,GREEN: Enrolment Van,Stable in current zone
Gujarat,Ahmedabad,19130.0,673374.0,35.19805551199624,0.9682191207987036,21.125,0.19567005853081915,False,YELLOW: Hybrid Center,Will transition to RED within 2-3 years
Gujarat,Amreli,4293.0,96402.0,22.45039590125757,0.9424778761061947,14.008097165991902,-0.09805763495620588,False,YELLOW: Hybrid Center,Stable in current zone
Gujarat,Anand,6980.0,152844.0,21.894284486463256,0.9230769230769231,10.458100558659218,-0.11087138494461449,False,YELLOW: Hybrid Center,Stable in current zone
Gujarat,Arvalli,2391.0,37765.0,15.78804347826087,0.9506688963210702,16.54237288135593,-0.25156953205424254,False,YELLOW: Hybrid Center,Stable in current zone
Gujarat,Banas Kantha,13498.0,1020.0,0.07556115267797614,0.9419957033854359,7.659003831417625,-0.6136117683060843,False,GREEN: Enrolment Van,Stable in current zone
Gujarat,Banaskantha,17360.0,226964.0,13.073210068544439,0.9057657969011002,6.078239608801956,-0.3141238973250074,False,GREEN: Enrolment Van,Stable in current zone
Gujarat,Bharuch,4351.0,126184.0,28.99448529411765,0.9772518382352942,37.82828282828283,0.05272928139026187,False,YELLOW: Hybrid Center,Will transition to RED within 2-3 years
Gujarat,Bhavnagar,10174.0,199014.0,19.55911547911548,0.9561670761670762,18.878923766816143,-0.1646776385923696,False,YELLOW: Hybrid Center,Stable in current zone
Gujarat,Botad,2947.0,23801.0,8.073609226594302,0.9416553595658074,13.383720930232558,-0.4293231784875445,False,GREEN: Enrolment Van,Stable in current zone
Gujarat,Chhotaudepur,4107.0,43433.0,10.572784810126583,0.8563777994157741,3.7542372881355934,-0.37173793522048726,False,GREEN: Enrolment Van,Stable in current zone
Gujarat,Dahod,10509.0,151611.0,14.425404376784016,0.8784015223596575,4.179186228482003,-0.28296704756327457,False,GREEN: Enrolment Van,Stable in current zone
Gujarat,Dang,872.0,0.0,0.0,0.8132875143184422,3.2576687116564416,-0.6153528253919376,False,GREEN: Enrolment Van,Stable in current zone
Gujarat,Devbhumi Dwarka,2490.0,32050.0,12.866318747490967,0.9100762745885187,8.236607142857142,-0.3188910241852451,False,GREEN: Enrolment Van,Stable in current zone
Gujarat,Dohad,13003.0,20928.0,1.6093509689326362,0.9484004921562597,7.456035767511177,-0.5782706501103292,False,GREEN: Enrolment Van,Stable in current zone
Gujarat,Gandhinagar,5650.0,141152.0,24.978233940895418,0.8692266855423819,5.514208389715832,-0.03981196009788856,False,YELLOW: Hybrid Center,Stable in current zone
Gujarat,Gir Somnath,5723.0,48832.0,8.53109713487072,0.9346610761705101,11.697860962566844,-0.41878188132402155,False,GREEN: Enrolment Van,Stable in current zone
Gujarat,Jamnagar,6078.0,126821.0,20.86214837966771,0.9536107912485606,17.72340425531915,-0.13465355102617077,False,YELLOW: Hybrid Center,Stable in current zone
Gujarat,Junagadh,5536.0,140717.0,25.413942568177713,0.9832039010294383,52.43010752688172,-0.029772494499339316,False,YELLOW: Hybrid Center,Will transition to RED within 2-3 years
Gujarat,Kachchh,9302.0,190750.0,20.504138449962376,0.9438890680425669,11.831417624521073,-0.14290270687978443,False,YELLOW: Hybrid Center,Stable in current zone
Gujarat,Kheda,7567.0,169780.0,22.433932346723044,0.931553911205074,11.247104247104247,-0.09843698316973601,False,YELLOW: Hybrid Center,Stable in current zone
Gujarat,Mahesana,6490.0,150130.0,23.128947773840704,0.9547065167154521,17.989795918367346,-0.0824226491995069,False,YELLOW: Hybrid Center,Stable in current zone
Gujarat,Mahisagar,2563.0,38459.0,14.999609984399376,0.9489079563182528,15.541984732824428,-0.2697363766901603,False,GREEN: Enrolment Van,Stable in current zone
Gujarat,Morbi,8004.0,51678.0,6.455715178013741,0.9183010618363523,8.483180428134556,-0.46660220081064024,False,GREEN: Enrolment Van,Stable in current zone
Gujarat,Narmada,1280.0,53955.0,42.11943793911007,0.9765807962529274,38.5,0.3551504461578284,False,YELLOW: Hybrid Center,Will transition to RED within 2-3 years
Gujarat,Navsari,2757.0,75154.0,27.249456127628715,0.962291515591008,23.58653846153846,0.012520850369041691,False,YELLOW: Hybrid Center,Will transition to RED within 2-3 years
Gujarat,Panch Mahals,1402.0,744.0,0.5302922309337135,0.9280114041339986,8.495049504950495,-0.6031339931809618,False,GREEN: Enrolment Van,Stable in current zone
Gujarat,Panchmahals,6279.0,137238.0,21.853184713375796,0.947452229299363,14.63030303030303,-0.11181839340894861,False,YELLOW: Hybrid Center,Stable in current zone
Gujarat,Patan,8967.0,103508.0,11.54192685102587,0.9200490633363069,8.400278940027894,-0.34940725923547317,False,GREEN: Enrolment Van,Stable in current zone
Gujarat,Porbandar,2519.0,45608.0,18.098412698412698,0.9277777777777778,11.021978021978022,-0.19833470755618787,False,YELLOW: Hybrid Center,Stable in current zone
Gujarat,Rajkot,17070.0,306311.0,17.943354226465935,0.9461074336594224,13.498913043478261,-0.20190751768065793,False,YELLOW: Hybrid Center,Stable in current zone
Gujarat,Sabar Kantha,2437.0,1260.0,0.51681706316653,0.9351927809680065,6.8544303797468356,-0.6034444838960004,False,GREEN: Enrolment Van,Stable in current zone
Gujarat,Sabarkantha,5115.0,134264.0,26.243940578577014,0.9335418295543393,10.597058823529412,-0.010647932921931485,False,YELLOW: Hybrid Center,Will transition to RED within 2-3 years
Gujarat,Surat,25469.0,639181.0,25.095445622300748,0.974126423243031,27.939301972685886,-0.037111204203848135,False,YELLOW: Hybrid Center,Will transition to RED within 2-3 years
Gujarat,Surendra Nagar,6855.0,134470.0,19.6134772462077,0.9507001166861143,14.357988165680473,-0.16342505129795945,False,YELLOW: Hybrid Center,Stable in current zone
Gujarat,Surendranagar,1442.0,1440.0,0.997920997920998,0.9452529452529452,9.759493670886076,-0.5923590334370065,False,GREEN: Enrolment Van,Stable in current zone
Gujarat,Tapi,2212.0,52215.0,23.59466787166742,0.9313149570718482,12.210526315789474,-0.07169166842951864,False,YELLOW: Hybrid Center,Stable in current zone
Gujarat,The Dangs,1328.0,34531.0,25.982693754702783,0.9435665914221218,14.24,-0.016667502737142643,False,YELLOW: Hybrid Center,Will transition to RED within 2-3 years
Gujarat,Vadodara,12284.0,301444.0,24.537566137566138,0.9555555555555556,17.043956043956044,-0.04996569352177648,False,YELLOW: Hybrid Center,Stable in current zone
Gujarat,Valsad,7448.0,132367.0,17.769767754060947,0.9697946033024567,25.857777777777777,-0.20590724435339672,False,YELLOW: Hybrid Center,Stable in current zone
Haryana,Akhera,0.0,1.0,1.0,,,-0.592311129703767,False,GREEN: Enrolment Van,Stable in current zone
Haryana,Ambala,3218.0,105998.0,32.92885989437713,0.9894377135756446,90.08823529411765,0.14338394365270918,False,YELLOW: Hybrid Center,Will transition to RED within 2-3 years
Haryana,Bhiwani,3489.0,129905.0,37.222063037249285,0.9951289398280803,195.35294117647058,0.24230662399826736,False,YELLOW: Hybrid Center,Will transition to RED within 2-3 years
Haryana,Charkhi Dadri,858.0,21883.0,25.474970896391152,0.9988358556461001,839.0,-0.028366298332287453,False,YELLOW: Hybrid Center,Will transition to RED within 2-3 years
Haryana,Faridabad,16155.0,279506.0,17.300445654865065,0.9799455310720475,38.910493827160494,-0.21672122134280167,False,YELLOW: Hybrid Center,Stable in current zone
Haryana,Fatehabad,2612.0,111764.0,42.772292384232685,0.995790279372369,228.1818181818182,0.37019331961101326,False,YELLOW: Hybrid Center,Will transition to RED within 2-3 years
Haryana,Gurgaon,6861.0,190004.0,27.689303410084523,0.9711454386476246,27.358585858585858,0.022655677600657294,False,YELLOW: Hybrid Center,Will transition to RED within 2-3 years
Haryana,Gurugram,2636.0,0.0,0.0,0.9211224876753887,8.673076923076923,-0.6153528253919376,False,GREEN: Enrolment Van,Stable in current zone
Haryana,Hisar,5234.0,179073.0,34.20687679083095,0.996370582617001,259.3157894736842,0.1728316200651383,False,YELLOW: Hybrid Center,Will transition to RED within 2-3 years
Haryana,Jhajjar,2624.0,89023.0,33.91352380952381,0.9958095238095238,228.63636363636363,0.16607226994064161,False,YELLOW: Hybrid Center,Will transition to RED within 2-3 years
Haryana,Jhajjar *,1.0,0.0,0.0,0.5,0.0,-0.6153528253919376,False,GREEN: Enrolment Van,Stable in current zone
Haryana,Jind,3821.0,135281.0,35.39534275248561,0.999738356881214,3729.0,0.20021589108933424,False,YELLOW: Hybrid Center,Will transition to RED within 2-3 years
Haryana,Kaithal,2991.0,119910.0,40.07687165775401,0.9956550802139037,222.6153846153846,0.30808625547990365,False,YELLOW: Hybrid Center,Will transition to RED within 2-3 years
Haryana,Karnal,4048.0,143150.0,35.35440849592492,0.9977772289454186,429.0,0.19927269640644132,False,YELLOW: Hybrid Center,Will transition to RED within 2-3 years
Haryana,Kurukshetra,2404.0,98701.0,41.03991683991684,0.995010395010395,192.91666666666666,0.3302764495012585,False,YELLOW: Hybrid Center,Will transition to RED within 2-3 years
Haryana,Mahendragarh,2754.0,77366.0,28.08203266787659,0.9909255898366606,103.0,0.03170482564654322,False,YELLOW: Hybrid Center,Will transition to RED within 2-3 years
Haryana,Mewat,7558.0,134992.0,17.85844688450853,0.9973541473739913,349.45,-0.20386392681573187,False,YELLOW: Hybrid Center,Stable in current zone
Haryana,Nuh,1506.0,0.0,0.0,0.9714664897146649,29.093023255813954,-0.6153528253919376,False,GREEN: Enrolment Van,Stable in current zone
Haryana,Palwal,4703.0,127665.0,27.13966836734694,0.998937074829932,873.4,0.009991154206343172,False,YELLOW: Hybrid Center,Will transition to RED within 2-3 years
Haryana,Panchkula,1384.0,71787.0,51.83176895306859,0.9956678700361011,214.5,0.5789390218042431,False,RED: Express Update Hub,Stable RED zone - long-term update demand
Haryana,Panipat,6088.0,148857.0,24.44687140745607,0.9921169321727705,114.54166666666667,-0.052055453893493475,False,YELLOW: Hybrid Center,Stable in current zone
Haryana,Rewari,2485.0,93763.0,37.71641190667739,0.997184231697506,332.7142857142857,0.2536972602114211,False,YELLOW: Hybrid Center,Will transition to RED within 2-3 years
Haryana,Rohtak,3413.0,102501.0,30.02372583479789,0.9818394844756884,50.983870967741936,0.07644472871854427,False,YELLOW: Hybrid Center,Will transition to RED within 2-3 years
Haryana,Sirsa,3335.0,152228.0,45.63189448441247,0.9991007194244604,1045.0,0.43608340099260967,False,YELLOW: Hybrid Center,Will transition to RED within 2-3 years
Haryana,Sonipat,4619.0,145317.0,31.453896103896103,0.9917748917748918,113.52631578947368,0.10939827684137449,False,YELLOW: Hybrid Center,Will transition to RED within 2-3 years
Haryana,Yamuna Nagar,3396.0,141609.0,41.68648807771563,0.9973506034736532,364.22222222222223,0.34517454720334206,False,YELLOW: Hybrid Center,Will transition to RED within 2-3 years
Haryana,Yamunanagar,59.0,1310.0,21.833333333333332,0.9833333333333333,56.0,-0.1122758028668773,False,YELLOW: Hybrid Center,Stable in current zone
Himachal Pradesh,Bilaspur,999.0,28666.0,28.666,0.999,985.0,0.045160423205163766,False,YELLOW: Hybrid Center,Will transition to RED within 2-3 years
Himachal Pradesh,Chamba,1657.0,53500.0,32.26779252110977,0.9951749095295537,198.25,0.1281518304085042,False,YELLOW: Hybrid Center,Will transition to RED within 2-3 years
Himachal Pradesh,Hamirpur,1198.0,31139.0,25.970809007506254,0.9983319432860718,590.5,-0.0169413474653759,False,YELLOW: Hybrid Center,Will transition to RED within 2-3 years
Himachal Pradesh,Kangra,3966.0,124040.0,31.26796067557348,0.9942021678850517,168.2173913043478,0.10511400928431495,False,YELLOW: Hybrid Center,Will transition to RED within 2-3 years
Himachal Pradesh,Kinnaur,163.0,5636.0,34.36585365853659,0.9634146341463414,22.833333333333332,0.17649471667227024,False,YELLOW: Hybrid Center,Will transition to RED within 2-3 years
Himachal Pradesh,Kullu,1239.0,30850.0,24.879032258064516,0.9137096774193548,9.551401869158878,-0.04209773508543263,False,YELLOW: Hybrid Center,Stable in current zone
Himachal Pradesh,Lahaul and Spiti,3.0,106.0,26.5,0.75,3.0,-0.004747889655413985,False,YELLOW: Hybrid Center,Will transition to RED within 2-3 years
Himachal Pradesh,Lahul & Spiti,38.0,872.0,22.358974358974358,0.9743589743589743,36.0,-0.10016414231283885,False,YELLOW: Hybrid Center,Stable in current zone
Himachal Pradesh,Lahul and Spiti,32.0,998.0,30.242424242424242,0.9696969696969697,31.0,0.08148391087455818,False,YELLOW: Hybrid Center,Will transition to RED within 2-3 years
Himachal Pradesh,Mandi,2514.0,79639.0,31.665606361829028,0.9952286282306163,205.0,0.11427644017872908,False,YELLOW: Hybrid Center,Will transition to RED within 2-3 years
Himachal Pradesh,Shimla,1670.0,55469.0,33.19509275882705,0.9868342309994016,67.63636363636364,0.1495184002975542,False,YELLOW: Hybrid Center,Will transition to RED within 2-3 years
Himachal Pradesh,Sirmaur,1584.0,50871.0,32.09526813880126,0.9949526813880126,188.75,0.12417657609256191,False,YELLOW: Hybrid Center,Will transition to RED within 2-3 years
Himachal Pradesh,Solan,1176.0,42552.0,36.152931180968565,0.994052676295667,157.85714285714286,0.21767201311531795,False,YELLOW: Hybrid Center,Will transition to RED within 2-3 years
Himachal Pradesh,Una,1247.0,41110.0,32.94070512820513,0.999198717948718,1226.0,0.14365687792592913,False,YELLOW: Hybrid Center,Will transition to RED within 2-3 years
Jaipur,Near meera hospital,0.0,2.0,2.0,,,-0.5692694340155963,False,GREEN: Enrolment Van,Stable in current zone
Jammu & Kashmir,Anantnag,4.0,18.0,3.6,0.8,3.0,-0.5324027209145231,False,GREEN: Enrolment Van,Stable in current zone
Jammu & Kashmir,Badgam,2.0,15.0,5.0,0.6666666666666666,0.0,-0.5001443469510841,False,GREEN: Enrolment Van,Stable in current zone
Jammu & Kashmir,Bandipur,2.0,1.0,0.3333333333333333,0.6666666666666666,2.0,-0.6076722601625474,False,GREEN: Enrolment Van,Stable in current zone
Jammu & Kashmir,Baramula,47.0,174.0,3.625,0.9791666666666666,43.0,-0.5318266785223188,False,GREEN: Enrolment Van,Stable in current zone
Jammu & Kashmir,Doda,2.0,9.0,3.0,0.6666666666666666,2.0,-0.5462277383274255,False,GREEN: Enrolment Van,Stable in current zone
Jammu & Kashmir,Jammu,62.0,425.0,6.746031746031746,0.9841269841269841,52.0,-0.45991281479713525,False,GREEN: Enrolment Van,Stable in current zone
Jammu & Kashmir,Kargil,4.0,13.0,2.6,0.8,2.0,-0.5554444166026937,False,GREEN: Enrolment Van,Stable in current zone
Jammu & Kashmir,Kathua,8.0,95.0,10.555555555555555,0.8888888888888888,8.0,-0.3721349264612469,False,GREEN: Enrolment Van,Stable in current zone
Jammu & Kashmir,Kupwara,9.0,10.0,1.0,0.9,8.0,-0.592311129703767,False,GREEN: Enrolment Van,Stable in current zone
Jammu & Kashmir,Leh (ladakh),3.0,18.0,4.5,0.75,3.0,-0.5116651947951695,False,GREEN: Enrolment Van,Stable in current zone
Jammu & Kashmir,Pulwama,4.0,3.0,0.6,0.8,4.0,-0.6015278079790352,False,GREEN: Enrolment Van,Stable in current zone
Jammu & Kashmir,Punch,1.0,10.0,5.0,0.5,1.0,-0.5001443469510841,False,GREEN: Enrolment Van,Stable in current zone
Jammu & Kashmir,Rajauri,2.0,27.0,9.0,0.6666666666666666,1.0,-0.4079775641984013,False,GREEN: Enrolment Van,Stable in current zone
Jammu & Kashmir,Srinagar,3.0,26.0,6.5,0.75,2.0,-0.46558180341882804,False,GREEN: Enrolment Van,Stable in current zone
Jammu & Kashmir,Udhampur,2.0,11.0,3.6666666666666665,0.6666666666666666,2.0,-0.530866607868645,False,GREEN: Enrolment Van,Stable in current zone
Jammu And Kashmir,Doda,538.0,0.0,0.0,0.9666048237476809,14.5,-0.6153528253919376,False,GREEN: Enrolment Van,Stable in current zone
Jammu And Kashmir,Shopian,412.0,0.0,0.0,0.9491525423728814,14.666666666666666,-0.6153528253919376,False,GREEN: Enrolment Van,Stable in current zone
Jammu and Kashmir,?,0.0,1.0,1.0,,,-0.592311129703767,False,GREEN: Enrolment Van,Stable in current zone
Jammu and Kashmir,Anantnag,3350.0,83117.0,24.803640704267384,0.9892569382273948,82.63888888888889,-0.043834884325484505,False,YELLOW: Hybrid Center,Stable in current zone
Jammu and Kashmir,Badgam,1865.0,26245.0,14.064844587352626,0.9989281886387996,837.0,-0.2912749565087436,False,GREEN: Enrolment Van,Stable in current zone
Jammu and Kashmir,Bandipore,1639.0,36267.0,22.1140243902439,0.973170731707317,29.272727272727273,-0.10580820495115295,False,YELLOW: Hybrid Center,Stable in current zone
Jammu and Kashmir,Bandipur,0.0,1.0,1.0,,,-0.592311129703767,False,GREEN: Enrolment Van,Stable in current zone
Jammu and Kashmir,Baramula,3747.0,98556.0,26.29562433297759,0.982657417289221,48.53846153846154,-0.00945705158101129,False,YELLOW: Hybrid Center,Will transition to RED within 2-3 years
Jammu and Kashmir,Budgam,859.0,41733.0,48.526744186046514,0.9813953488372092,49.5625,0.5027856468806531,False,YELLOW: Hybrid Center,Will transition to RED within 2-3 years
Jammu and Kashmir,Doda,3964.0,48147.0,12.143001261034048,0.9959646910466583,199.125,-0.335557485594118,False,GREEN: Enrolment Van,Stable in current zone
Jammu and Kashmir,Ganderbal,843.0,21225.0,25.148104265402843,0.985781990521327,64.41666666666667,-0.03589785977413767,False,YELLOW: Hybrid Center,Will transition to RED within 2-3 years
Jammu and Kashmir,Jammu,4558.0,133490.0,29.28054397894275,0.9918841851283177,99.91891891891892,0.059320558554960164,False,YELLOW: Hybrid Center,Will transition to RED within 2-3 years
Jammu and Kashmir,Kargil,526.0,4966.0,9.42314990512334,0.9962049335863378,193.0,-0.39822747285407095,False,GREEN: Enrolment Van,Stable in current zone
Jammu and Kashmir,Kathua,2954.0,60546.0,20.489340101522842,0.9966159052453468,263.5,-0.14324368592121567,False,YELLOW: Hybrid Center,Stable in current zone
Jammu and Kashmir,Kishtwar,1269.0,26788.0,21.092913385826773,0.9944881889763779,151.14285714285714,-0.12933633397877478,False,YELLOW: Hybrid Center,Stable in current zone
Jammu and Kashmir,Kulgam,1211.0,38151.0,31.47772277227723,0.9917491749174917,97.0,0.10994728368347537,False,YELLOW: Hybrid Center,Will transition to RED within 2-3 years
Jammu and Kashmir,Kupwara,2875.0,94887.0,32.99269819193324,0.9857440890125174,58.34146341463415,0.14485488627824794,False,YELLOW: Hybrid Center,Will transition to RED within 2-3 years
Jammu and Kashmir,Leh,206.0,3991.0,19.280193236714975,0.9903381642512077,81.5,-0.17110448002242423,False,YELLOW: Hybrid Center,Stable in current zone
Jammu and Kashmir,Poonch,0.0,4.0,4.0,,,-0.5231860426392548,False,GREEN: Enrolment Van,Stable in current zone
Jammu and Kashmir,Pulwama,1871.0,54316.0,29.014957264957264,0.9914529914529915,108.625,0.05320099031248539,False,YELLOW: Hybrid Center,Will transition to RED within 2-3 years
Jammu and Kashmir,Punch,2628.0,69805.0,26.551920882464817,0.9931532902244199,114.61111111111111,-0.0035515444817983996,False,YELLOW: Hybrid Center,Will transition to RED within 2-3 years
Jammu and Kashmir,Rajouri,2674.0,71544.0,26.745420560747664,0.9962616822429906,207.1,0.0009070162209539119,False,YELLOW: Hybrid Center,Will transition to RED within 2-3 years
Jammu and Kashmir,Ramban,1920.0,37631.0,19.589276418532016,0.9963560645497137,188.14285714285714,-0.16398267940466443,False,YELLOW: Hybrid Center,Stable in current zone
Jammu and Kashmir,Reasi,1715.0,31640.0,18.43822843822844,0.9941724941724942,113.6,-0.19050477668930296,False,YELLOW: Hybrid Center,Stable in current zone
Jammu and Kashmir,Samba,588.0,16345.0,27.750424448217316,0.9830220713073005,53.2,0.024064009961458185,False,YELLOW: Hybrid Center,Will transition to RED within 2-3 years
Jammu and Kashmir,Shupiyan,666.0,23736.0,35.58620689655172,0.9970014992503748,268.5,0.20461372461468874,False,YELLOW: Hybrid Center,Will transition to RED within 2-3 years
Jammu and Kashmir,Srinagar,3256.0,112534.0,34.551427694197116,0.9582437826220448,20.96323529411765,0.1807706571295859,False,YELLOW: Hybrid Center,Will transition to RED within 2-3 years
Jammu and Kashmir,Udhampur,2806.0,62327.0,22.204132525828285,0.995724973281083,203.83333333333334,-0.10373196071198916,False,YELLOW: Hybrid Center,Stable in current zone
Jammu and Kashmir,punch,1.0,0.0,0.0,0.5,1.0,-0.6153528253919376,False,GREEN: Enrolment Van,Stable in current zone
Jammu and Kashmir,udhampur,0.0,1.0,1.0,,,-0.592311129703767,False,GREEN: Enrolment Van,Stable in current zone
Jharkhand,Bokaro,5800.0,179102.0,30.874332011722117,0.9968970867091881,194.72222222222223,0.0960441373977106,False,YELLOW: Hybrid Center,Will transition to RED within 2-3 years
Jharkhand,Bokaro *,2.0,3.0,1.0,0.6666666666666666,2.0,-0.592311129703767,False,GREEN: Enrolment Van,Stable in current zone
Jharkhand,Chatra,6302.0,114988.0,18.24337617007774,0.99428843407901,95.77777777777777,-0.19499450335618115,False,YELLOW: Hybrid Center,Stable in current zone
Jharkhand,Deoghar,8324.0,127486.0,15.313633633633634,0.9846246246246246,35.296875,-0.2625007393256157,False,YELLOW: Hybrid Center,Stable in current zone
Jharkhand,Dhanbad,11031.0,258866.0,23.465010877447426,0.9915699782451052,73.95698924731182,-0.07467918543417862,False,YELLOW: Hybrid Center,Stable in current zone
Jharkhand,Dumka,5825.0,135870.0,23.32131822863028,0.9850669412976313,31.528735632183906,-0.07799010772085051,False,YELLOW: Hybrid Center,Stable in current zone
Jharkhand,East Singhbhum,8191.0,196766.0,24.019287109375,0.98779296875,59.83,-0.06190772117091753,False,YELLOW: Hybrid Center,Stable in current zone
Jharkhand,East Singhbum,1447.0,0.0,0.0,0.962707182320442,15.703703703703704,-0.6153528253919376,False,GREEN: Enrolment Van,Stable in current zone
Jharkhand,Garhwa,6073.0,139731.0,23.004774448468883,0.997365821534409,282.6875,-0.0852838131753126,False,YELLOW: Hybrid Center,Stable in current zone
Jharkhand,Garhwa *,381.0,7700.0,20.157068062827225,0.9973821989528796,314.0,-0.15089979712252816,False,YELLOW: Hybrid Center,Stable in current zone
Jharkhand,Giridih,14303.0,236081.0,16.50454418344519,0.9941974272930649,92.71084337349397,-0.23506014084502572,False,YELLOW: Hybrid Center,Stable in current zone
Jharkhand,Godda,5390.0,138611.0,25.711556297532926,0.996661101836394,179.88888888888889,-0.022914969514914906,False,YELLOW: Hybrid Center,Will transition to RED within 2-3 years
Jharkhand,Gumla,6701.0,134631.0,20.088182632050135,0.9858251268278126,42.97894736842105,-0.15248703425584242,False,YELLOW: Hybrid Center,Stable in current zone
Jharkhand,Hazaribag,566.0,17460.0,30.793650793650794,0.9982363315696648,358.0,0.09418510532316024,False,YELLOW: Hybrid Center,Will transition to RED within 2-3 years
Jharkhand,Hazaribagh,6204.0,141577.0,22.816599516518938,0.994842868654311,128.90625,-0.08961968269344546,False,YELLOW: Hybrid Center,Stable in current zone
Jharkhand,Jamtara,4450.0,72644.0,16.320826780498763,0.9961806335654909,185.88235294117646,-0.23929330133633833,False,YELLOW: Hybrid Center,Stable in current zone
Jharkhand,Khunti,2644.0,64376.0,24.33875236294896,0.9826086956521739,31.0,-0.054546700015122074,False,YELLOW: Hybrid Center,Stable in current zone
Jharkhand,Kodarma,310.0,7901.0,25.405144694533764,0.9967845659163987,184.0,-0.029975212426546178,False,YELLOW: Hybrid Center,Will transition to RED within 2-3 years
Jharkhand,Koderma,3222.0,62328.0,19.338504498914055,0.9959664908470369,161.23076923076923,-0.1697608896636399,False,YELLOW: Hybrid Center,Stable in current zone
Jharkhand,Latehar,2609.0,82108.0,31.459003831417625,0.9954022988505747,139.58333333333334,0.10951596754458351,False,YELLOW: Hybrid Center,Will transition to RED within 2-3 years
Jharkhand,Lohardaga,2959.0,56615.0,19.12668918918919,0.9807432432432432,34.80701754385965,-0.17464147357241588,False,YELLOW: Hybrid Center,Stable in current zone
Jharkhand,Pakaur,297.0,6162.0,20.677852348993287,0.9966442953020134,197.0,-0.13890004408150855,False,YELLOW: Hybrid Center,Stable in current zone
Jharkhand,Pakur,6924.0,82748.0,11.949169675090253,0.9933574007220216,86.32608695652173,-0.3400236940121904,False,GREEN: Enrolment Van,Stable in current zone
Jharkhand,Palamau,286.0,6320.0,22.020905923344948,0.9965156794425087,220.0,-0.10795381232838763,False,YELLOW: Hybrid Center,Stable in current zone
Jharkhand,Palamu,8606.0,227092.0,26.384570698268853,0.9924480074358081,100.73846153846154,-0.007407576499401119,False,YELLOW: Hybrid Center,Will transition to RED within 2-3 years
Jharkhand,Pashchimi Singhbhum,599.0,23268.0,38.78,0.9966666666666667,173.0,0.2782041333953223,False,YELLOW: Hybrid Center,Will transition to RED within 2-3 years
Jharkhand,Purbi Singhbhum,986.0,25425.0,25.75987841945289,0.9989868287740629,814.0,-0.02180154588662844,False,YELLOW: Hybrid Center,Will transition to RED within 2-3 years
Jharkhand,Ramgarh,2979.0,72697.0,24.39496644295302,0.9959731543624161,158.5,-0.05325143229027802,False,YELLOW: Hybrid Center,Stable in current zone
Jharkhand,Ranchi,14265.0,281427.0,19.72711341651479,0.9765175942801065,27.81492537313433,-0.16080668124257436,False,YELLOW: Hybrid Center,Stable in current zone
Jharkhand,Sahebganj,6321.0,130174.0,20.59063587472319,0.9974691553305916,227.25,-0.14090965954063528,False,YELLOW: Hybrid Center,Stable in current zone
Jharkhand,Sahibganj,365.0,4753.0,12.986338797814208,0.9972677595628415,187.0,-0.3161255587092181,False,GREEN: Enrolment Van,Stable in current zone
Jharkhand,Seraikela-Kharsawan,3389.0,92913.0,27.407964601769912,0.9908554572271386,77.35483870967742,0.016173154394199425,False,YELLOW: Hybrid Center,Will transition to RED within 2-3 years
Jharkhand,Seraikela-kharsawan,861.0,20376.0,23.638051044083525,0.9988399071925754,545.0,-0.07069204657271927,False,YELLOW: Hybrid Center,Stable in current zone
Jharkhand,Simdega,2079.0,88796.0,42.690384615384616,0.9932692307692308,105.14285714285714,0.368306025726719,False,YELLOW: Hybrid Center,Will transition to RED within 2-3 years
Jharkhand,West Singhbhum,6848.0,190491.0,27.812965396408234,0.9928456709008614,85.93877551020408,0.025505059457722967,False,YELLOW: Hybrid Center,Will transition to RED within 2-3 years
Karnataka,Bagalkot,7142.0,129795.0,18.170936581268375,0.98810023799524,72.44705882352942,-0.1966636343173028,False,YELLOW: Hybrid Center,Stable in current zone
Karnataka,Bagalkot *,249.0,2921.0,11.684,0.996,218.0,-0.3461336529713511,False,GREEN: Enrolment Van,Stable in current zone
Karnataka,Ballari,2781.0,61759.0,22.199496764917324,0.9766355140186916,37.69230769230769,-0.10383877650418265,False,YELLOW: Hybrid Center,Stable in current zone
Karnataka,Bangalore,7016.0,250821.0,35.74476271911073,0.9992874447769702,1155.2,0.20826711962768102,False,YELLOW: Hybrid Center,Will transition to RED within 2-3 years
Karnataka,Bangalore Rural,2644.0,86269.0,32.615879017013235,0.951984877126654,17.724409448818896,0.13617233352027355,False,YELLOW: Hybrid Center,Will transition to RED within 2-3 years
Karnataka,Belagavi,7805.0,133322.0,17.07942608250064,0.9844991032539072,58.37190082644628,-0.2218138870703524,False,YELLOW: Hybrid Center,Stable in current zone
Karnataka,Belgaum,6743.0,174091.0,25.81420521945433,0.9995551601423488,1953.6666666666667,-0.020549764293283132,False,YELLOW: Hybrid Center,Will transition to RED within 2-3 years
Karnataka,Bellary,4220.0,95627.0,22.655058043117744,0.9995261786306563,1811.5,-0.09334187216457449,False,YELLOW: Hybrid Center,Stable in current zone
Karnataka,Bengaluru,30980.0,600999.0,19.398954197734096,0.8770859559084601,5.367909663865547,-0.16836802609898696,False,YELLOW: Hybrid Center,Stable in current zone
Karnataka,Bengaluru Rural,2790.0,89.0,0.03188821211035471,0.7771408097456108,2.3135048231511255,-0.614618066912451,False,GREEN: Enrolment Van,Stable in current zone
Karnataka,Bengaluru South,203.0,3860.0,18.92156862745098,0.9705882352941176,2.5,-0.17936779913537432,False,YELLOW: Hybrid Center,Stable in current zone
Karnataka,Bengaluru Urban,23074.0,0.0,0.0,0.8354496208017335,3.1896233868843824,-0.6153528253919376,False,GREEN: Enrolment Van,Stable in current zone
Karnataka,Bidar,4920.0,122767.0,24.947571631782157,0.9867913025807763,60.92307692307692,-0.040518471693572936,False,YELLOW: Hybrid Center,Stable in current zone
Karnataka,Bijapur,4231.0,85492.0,20.20132325141777,0.9985822306238186,549.3333333333334,-0.14988008253440224,False,YELLOW: Hybrid Center,Stable in current zone
Karnataka,Bijapur(KAR),3.0,14.0,3.5,0.75,3.0,-0.5347068904833402,False,GREEN: Enrolment Van,Stable in current zone
Karnataka,Chamarajanagar,249.0,2955.0,11.82,0.996,232.0,-0.3429999823577599,False,GREEN: Enrolment Van,Stable in current zone
Karnataka,Chamarajanagar *,23.0,118.0,4.916666666666667,0.9583333333333334,23.0,-0.5020644882584316,False,GREEN: Enrolment Van,Stable in current zone
Karnataka,Chamrajanagar,2227.0,44176.0,19.82764811490126,0.9892280071813285,82.83333333333333,-0.15849019131625133,False,YELLOW: Hybrid Center,Stable in current zone
Karnataka,Chamrajnagar,380.0,4188.0,10.992125984251969,0.9973753280839895,356.0,-0.3620756034967699,False,GREEN: Enrolment Van,Stable in current zone
Karnataka,Chickmagalur,1231.0,32403.0,26.301136363636363,0.9991883116883117,1129.0,-0.00933004504794794,False,YELLOW: Hybrid Center,Will transition to RED within 2-3 years
Karnataka,Chikkaballapur,3152.0,78154.0,24.7871868062163,0.9952426260704091,189.46666666666667,-0.04421401003726173,False,YELLOW: Hybrid Center,Stable in current zone
Karnataka,Chikkamagaluru,1151.0,26265.0,22.799479166666668,0.9661458333333334,26.102564102564102,-0.09001416458481648,False,YELLOW: Hybrid Center,Stable in current zone
Karnataka,Chikmagalur,154.0,2097.0,13.529032258064516,0.9935483870967742,145.0,-0.3036209811461701,False,GREEN: Enrolment Van,Stable in current zone
Karnataka,Chitradurga,4413.0,108568.0,24.59628454916176,0.9895786135024921,87.8695652173913,-0.04861272175049744,False,YELLOW: Hybrid Center,Stable in current zone
Karnataka,Dakshina Kannada,6505.0,134453.0,20.666000614817094,0.9877036581616969,73.7,-0.1391731281337735,False,YELLOW: Hybrid Center,Stable in current zone
Karnataka,Davanagere,483.0,9437.0,19.49793388429752,0.9979338842975206,437.0,-0.166087366281882,False,YELLOW: Hybrid Center,Stable in current zone
Karnataka,Davangere,4813.0,123205.0,25.59306190278355,0.9904445367677607,96.0,-0.02564528129948401,False,YELLOW: Hybrid Center,Will transition to RED within 2-3 years
Karnataka,Dharwad,5103.0,142940.0,28.005485893416928,0.9960815047021944,236.65,0.02994105816353267,False,YELLOW: Hybrid Center,Will transition to RED within 2-3 years
Karnataka,Gadag,4457.0,69469.0,15.582996859578286,0.9952893674293405,194.66666666666666,-0.25629415384381504,False,YELLOW: Hybrid Center,Stable in current zone
Karnataka,Gadag *,145.0,2187.0,14.979452054794521,0.9931506849315068,135.0,-0.27020084956981893,False,GREEN: Enrolment Van,Stable in current zone
Karnataka,Gulbarga,4356.0,88164.0,20.23502409915079,0.9990819371126922,912.5,-0.14910355785650456,False,YELLOW: Hybrid Center,Stable in current zone
Karnataka,Hasan,993.0,18250.0,18.36016096579477,0.9989939637826962,944.0,-0.19230358363226424,False,YELLOW: Hybrid Center,Stable in current zone
Karnataka,Hassan,2494.0,85858.0,34.41202404809619,0.9919839679358717,116.65,0.17755856073830698,False,YELLOW: Hybrid Center,Will transition to RED within 2-3 years
Karnataka,Haveri,4242.0,125958.0,29.68607117605468,0.985859061984445,65.28333333333333,0.06866459282409007,False,YELLOW: Hybrid Center,Will transition to RED within 2-3 years
Karnataka,Haveri *,117.0,2381.0,20.177966101694917,0.9915254237288136,111.0,-0.15041827087045925,False,YELLOW: Hybrid Center,Stable in current zone
Karnataka,Kalaburagi,4782.0,110357.0,23.072757683462264,0.9822287267405394,48.188235294117646,-0.08371736416269772,False,YELLOW: Hybrid Center,Stable in current zone
Karnataka,Kodagu,1211.0,28786.0,23.75082508250825,0.9653465346534653,26.071428571428573,-0.06809354149781069,False,YELLOW: Hybrid Center,Stable in current zone
Karnataka,Kolar,4186.0,111548.0,26.641509433962263,0.9923572963935993,120.03125,-0.0014872723410502406,False,YELLOW: Hybrid Center,Will transition to RED within 2-3 years
Karnataka,Koppal,5451.0,103211.0,18.930851063829788,0.9908290535583272,95.04,-0.17915391606108902,False,YELLOW: Hybrid Center,Stable in current zone
Karnataka,Mandya,3594.0,106040.0,29.49652294853964,0.9877607788595271,77.29545454545455,0.06429708024745637,False,YELLOW: Hybrid Center,Will transition to RED within 2-3 years
Karnataka,Mysore,3073.0,75749.0,24.641834743005855,0.9990240728692258,952.3333333333334,-0.04756316804540458,False,YELLOW: Hybrid Center,Stable in current zone
Karnataka,Mysuru,4361.0,91774.0,21.039431453461713,0.9429160935350757,14.65863453815261,-0.1305686483891458,False,YELLOW: Hybrid Center,Stable in current zone
Karnataka,Raichur,9779.0,159041.0,16.261860940695296,0.9892638036809815,72.56190476190476,-0.24065197427308724,False,YELLOW: Hybrid Center,Stable in current zone
Karnataka,Ramanagar,2949.0,75756.0,25.68,0.9959322033898305,213.25,-0.02364208011971397,False,YELLOW: Hybrid Center,Will transition to RED within 2-3 years
Karnataka,Ramanagara,204.0,0.0,0.0,0.9365853658536586,12.923076923076923,-0.6153528253919376,False,GREEN: Enrolment Van,Stable in current zone
Karnataka,Shimoga,2260.0,42363.0,18.73639982308713,0.9995577178239717,2111.0,-0.18363440237646858,False,YELLOW: Hybrid Center,Stable in current zone
Karnataka,Shivamogga,2229.0,58405.0,26.190582959641254,0.9802690582959641,45.54545454545455,-0.011877382940094633,False,YELLOW: Hybrid Center,Will transition to RED within 2-3 years
Karnataka,Tumakuru,3000.0,71986.0,23.987337554148617,0.984005331556148,58.166666666666664,-0.06264389309981626,False,YELLOW: Hybrid Center,Stable in current zone
Karnataka,Tumkur,2942.0,91061.0,30.941556235134218,0.9996602106693849,2754.0,0.09759309749644583,False,YELLOW: Hybrid Center,Will transition to RED within 2-3 years
Karnataka,Udupi,3591.0,62000.0,17.260579064587972,0.987750556792873,75.86363636363636,-0.21763981518409145,False,YELLOW: Hybrid Center,Stable in current zone
Karnataka,Udupi *,2.0,4.0,1.3333333333333333,0.6666666666666666,2.0,-0.5846305644743768,False,GREEN: Enrolment Van,Stable in current zone
Karnataka,Uttara Kannada,3470.0,73787.0,21.258138864880436,0.9910688562373956,103.83870967741936,-0.12552925877048804,False,YELLOW: Hybrid Center,Stable in current zone
Karnataka,Vijayanagara,2119.0,34640.0,16.339622641509433,0.9731132075471698,31.964912280701753,-0.23886021282673334,False,YELLOW: Hybrid Center,Stable in current zone
Karnataka,Vijayapura,5596.0,85063.0,15.19796319456852,0.9833839556905485,50.12903225806452,-0.26516598238267114,False,YELLOW: Hybrid Center,Stable in current zone
Karnataka,Yadgir,6258.0,94236.0,15.056079245885924,0.9821057676945198,43.276785714285715,-0.2684352291512515,False,YELLOW: Hybrid Center,Stable in current zone
Karnataka,yadgir,689.0,6380.0,9.246376811594203,0.9985507246376811,573.0,-0.4023006246810259,False,GREEN: Enrolment Van,Stable in current zone
Kerala,Alappuzha,3559.0,124464.0,34.96179775280899,0.9629213483146067,19.21212121212121,0.1902262791396575,False,YELLOW: Hybrid Center,Will transition to RED within 2-3 years
Kerala,Ernakulam,6324.0,214962.0,33.98608695652174,0.9473517786561265,12.567567567567568,0.1677442478919439,False,YELLOW: Hybrid Center,Will transition to RED within 2-3 years
Kerala,Idukki,1698.0,63425.0,37.33078281341966,0.9829311359623308,48.241379310344826,0.24481171199607116,False,YELLOW: Hybrid Center,Will transition to RED within 2-3 years
Kerala,Kannur,5965.0,177109.0,29.686389540730808,0.961280590010057,17.372294372294373,0.0686719284860753,False,YELLOW: Hybrid Center,Will transition to RED within 2-3 years
Kerala,Kasaragod,3555.0,100114.0,28.153543307086615,0.9822834645669292,42.77777777777778,0.03335255203368719,False,YELLOW: Hybrid Center,Will transition to RED within 2-3 years
Kerala,Kasargod,315.0,4007.0,12.680379746835444,0.9968354430379747,251.0,-0.32317537405491226,False,GREEN: Enrolment Van,Stable in current zone
Kerala,Kollam,5069.0,180411.0,35.584023668639055,0.9577909270216962,17.822429906542055,0.20456341934150715,False,YELLOW: Hybrid Center,Will transition to RED within 2-3 years
Kerala,Kottayam,3321.0,108425.0,32.63847080072246,0.9840457555689344,46.509433962264154,0.13669288652555447,False,YELLOW: Hybrid Center,Will transition to RED within 2-3 years
Kerala,Kozhikode,6704.0,242113.0,36.10932140193885,0.9695749440715884,22.485294117647058,0.21666716985788687,False,YELLOW: Hybrid Center,Will transition to RED within 2-3 years
Kerala,Malappuram,14567.0,376399.0,25.837383305875893,0.983045030203185,41.31578947368421,-0.020015701879323358,False,YELLOW: Hybrid Center,Will transition to RED within 2-3 years
Kerala,Palakkad,6724.0,209843.0,31.20342007434944,0.9747211895910781,30.435294117647057,0.10362688439137907,False,YELLOW: Hybrid Center,Will transition to RED within 2-3 years
Kerala,Pathanamthitta,1951.0,80405.0,41.19108606557377,0.9620901639344263,18.89189189189189,0.33375964479626186,False,YELLOW: Hybrid Center,Will transition to RED within 2-3 years
Kerala,Thiruvananthapuram,6663.0,213755.0,32.076080432172866,0.9348739495798319,11.142857142857142,0.12373445879547657,False,YELLOW: Hybrid Center,Will transition to RED within 2-3 years
Kerala,Thrissur,7071.0,204332.0,28.893099547511312,0.9312782805429864,10.11111111111111,0.05039318186984068,False,YELLOW: Hybrid Center,Will transition to RED within 2-3 years
Kerala,Wayanad,1516.0,54918.0,36.201713909030985,0.987475280158207,66.57894736842105,0.218796049890171,False,YELLOW: Hybrid Center,Will transition to RED within 2-3 years
Ladakh,Kargil,492.0,5431.0,11.016227180527384,0.9837728194726166,45.625,-0.3615202710664709,False,GREEN: Enrolment Van,Stable in current zone
Ladakh,Leh,125.0,6067.0,48.15079365079365,0.9047619047619048,8.416666666666666,0.4941231090535518,False,YELLOW: Hybrid Center,Will transition to RED within 2-3 years
Lakshadweep,Lakshadweep,203.0,5996.0,29.392156862745097,0.9901960784313726,96.0,0.06189230865841302,False,YELLOW: Hybrid Center,Will transition to RED within 2-3 years
Madanapalle,Kadiri Road,0.0,2.0,2.0,,,-0.5692694340155963,False,GREEN: Enrolment Van,Stable in current zone
Madhya Pradesh,Agar Malwa,2537.0,26697.0,10.518912529550827,0.9881796690307328,69.56666666666666,-0.37297924391554155,False,GREEN: Enrolment Van,Stable in current zone
Madhya Pradesh,Alirajpur,7010.0,83727.0,11.942233632862644,0.9472257880473541,8.786486486486487,-0.3401835121864793,False,GREEN: Enrolment Van,Stable in current zone
Madhya Pradesh,Anuppur,3226.0,97545.0,30.227765726681127,0.9956616052060737,204.57142857142858,0.08114615381556509,False,YELLOW: Hybrid Center,Will transition to RED within 2-3 years
Madhya Pradesh,Ashok Nagar,5178.0,119393.0,23.053292141340027,0.9675613052712879,22.178571428571427,-0.08416588326068357,False,YELLOW: Hybrid Center,Stable in current zone
Madhya Pradesh,Ashoknagar,3011.0,0.0,0.0,0.9684594953519257,16.778947368421054,-0.6153528253919376,False,GREEN: Enrolment Van,Stable in current zone
Madhya Pradesh,Balaghat,6805.0,206054.0,30.27534528357332,0.99573905377608,215.06896551724137,0.08224246748645296,False,YELLOW: Hybrid Center,Will transition to RED within 2-3 years
Madhya Pradesh,Barwani,21823.0,226186.0,10.364094574780058,0.969391495601173,19.16317365269461,-0.3765465121164346,False,GREEN: Enrolment Van,Stable in current zone
Madhya Pradesh,Betul,8166.0,204068.0,24.986898493939023,0.983959838373944,52.12977099236641,-0.0396123141033838,False,YELLOW: Hybrid Center,Stable in current zone
Madhya Pradesh,Bhind,13967.0,141381.0,10.121778350515465,0.9541809851088202,13.2546875,-0.3821298888162458,False,GREEN: Enrolment Van,Stable in current zone
Madhya Pradesh,Bhopal,12862.0,277302.0,21.55811241545518,0.9879499339189924,72.61935483870968,-0.11861735950364467,False,YELLOW: Hybrid Center,Stable in current zone
Madhya Pradesh,Burhanpur,9689.0,90684.0,9.358513931888545,0.9598555211558307,16.817480719794343,-0.3997167952798559,False,GREEN: Enrolment Van,Stable in current zone
Madhya Pradesh,Chhatarpur,17836.0,238389.0,13.364859561585469,0.9793687279250995,31.26086956521739,-0.3074037984587467,False,GREEN: Enrolment Van,Stable in current zone
Madhya Pradesh,Chhindwara,8981.0,229613.0,25.563682921398353,0.9945446448452461,169.55102040816325,-0.026322222848190142,False,YELLOW: Hybrid Center,Will transition to RED within 2-3 years
Madhya Pradesh,Damoh,6066.0,189937.0,31.30657656172738,0.9920883467941322,105.85416666666667,0.10600378478180213,False,YELLOW: Hybrid Center,Will transition to RED within 2-3 years
Madhya Pradesh,Datia,5843.0,83479.0,14.284565366187543,0.9924709103353867,90.79545454545455,-0.28621221718646156,False,GREEN: Enrolment Van,Stable in current zone
Madhya Pradesh,Dewas,10442.0,167150.0,16.005936991286028,0.9911902709949248,91.22826086956522,-0.2465488960346904,False,YELLOW: Hybrid Center,Stable in current zone
Madhya Pradesh,Dhar,12712.0,233846.0,18.394242114371117,0.9664909934712499,20.502347417840376,-0.1915182961780647,False,YELLOW: Hybrid Center,Stable in current zone
Madhya Pradesh,Dindori,2659.0,108893.0,40.93721804511278,0.9992481203007518,1204.5,0.3279100951238414,False,YELLOW: Hybrid Center,Will transition to RED within 2-3 years
Madhya Pradesh,East Nimar,3859.0,49970.0,12.94559585492228,0.994300518134715,106.27272727272727,-0.3170643452007744,False,GREEN: Enrolment Van,Stable in current zone
Madhya Pradesh,Guna,9811.0,185839.0,18.939971463514066,0.9931716265796984,111.88059701492537,-0.17894376658700942,False,YELLOW: Hybrid Center,Stable in current zone
Madhya Pradesh,Gwalior,18542.0,208839.0,11.26241708461414,0.9551852451059699,14.57280385078219,-0.3558476382150039,False,GREEN: Enrolment Van,Stable in current zone
Madhya Pradesh,Harda,2134.0,47936.0,22.452459016393444,0.9911007025761124,91.21052631578948,-0.09801009728507537,False,YELLOW: Hybrid Center,Stable in current zone
Madhya Pradesh,Harda *,610.0,12266.0,20.075286415711947,0.9983633387888707,503.0,-0.15278418494823576,False,YELLOW: Hybrid Center,Stable in current zone
Madhya Pradesh,Hoshangabad,5982.0,109459.0,18.295002507103458,0.9978271770015043,396.7692307692308,-0.19380494500893966,False,YELLOW: Hybrid Center,Stable in current zone
Madhya Pradesh,Indore,22303.0,408311.0,18.306626614060256,0.9726506456241033,27.352459016393443,-0.19353710587379439,False,YELLOW: Hybrid Center,Stable in current zone
Madhya Pradesh,Jabalpur,12467.0,250715.0,20.108678216233557,0.9918190567853705,104.44117647058823,-0.15201478124213674,False,YELLOW: Hybrid Center,Stable in current zone
Madhya Pradesh,Jhabua,13488.0,130188.0,9.651419675290978,0.9753132181777745,19.77777777777778,-0.39296775027505965,False,GREEN: Enrolment Van,Stable in current zone
Madhya Pradesh,Katni,10941.0,155394.0,14.201608481082069,0.9891244745019192,70.69747899159664,-0.28812368448830045,False,GREEN: Enrolment Van,Stable in current zone
Madhya Pradesh,Khandwa,4521.0,76748.0,16.972136222910216,0.9816452896948253,38.63855421686747,-0.22428602736546152,False,YELLOW: Hybrid Center,Stable in current zone
Madhya Pradesh,Khargone,15039.0,210181.0,13.974800531914894,0.9662898936170212,19.467455621301774,-0.29334972423266853,False,GREEN: Enrolment Van,Stable in current zone
Madhya Pradesh,Maihar,418.0,5538.0,13.217183770883056,0.9498806682577565,18.0,-0.31080649908862173,False,GREEN: Enrolment Van,Stable in current zone
Madhya Pradesh,Mandla,4911.0,119228.0,24.272801302931597,0.9987785016286646,774.1666666666666,-0.056066324270354406,False,YELLOW: Hybrid Center,Stable in current zone
Madhya Pradesh,Mandsaur,8276.0,146515.0,17.701461882324512,0.9969795819741453,297.76,-0.20748112746366285,False,YELLOW: Hybrid Center,Stable in current zone
Madhya Pradesh,Mauganj,438.0,5147.0,11.724373576309794,0.9954441913439636,189.5,-0.3452033773121777,False,GREEN: Enrolment Van,Stable in current zone
Madhya Pradesh,Morena,22381.0,255976.0,11.436690197480118,0.9700205522294701,20.959761549925485,-0.35183209018171585,False,GREEN: Enrolment Van,Stable in current zone
Madhya Pradesh,Narmadapuram,737.0,12759.0,17.288617886178862,0.959349593495935,20.266666666666666,-0.21699375318953923,False,YELLOW: Hybrid Center,Stable in current zone
Madhya Pradesh,Narsimhapur,1189.0,14634.0,12.29747899159664,0.9991596638655462,966.0,-0.33199805673589555,False,GREEN: Enrolment Van,Stable in current zone
Madhya Pradesh,Narsinghpur,5174.0,89314.0,17.258743961352657,0.9820289855072464,41.505376344086024,-0.21768209907439595,False,YELLOW: Hybrid Center,Stable in current zone
Madhya Pradesh,Neemuch,4964.0,93987.0,18.929909365558913,0.9963746223564954,232.38888888888889,-0.1791756143860766,False,YELLOW: Hybrid Center,Stable in current zone
Madhya Pradesh,Niwari,142.0,4034.0,28.20979020979021,0.9300699300699301,11.7,0.03464857604918558,False,YELLOW: Hybrid Center,Will transition to RED within 2-3 years
Madhya Pradesh,Pandhurna,98.0,1198.0,12.1010101010101,0.7070707070707071,2.2758620689655173,-0.33652503312498305,False,GREEN: Enrolment Van,Stable in current zone
Madhya Pradesh,Panna,9339.0,140864.0,15.081798715203426,0.9861884368308351,52.76744186046512,-0.2678426089659764,False,YELLOW: Hybrid Center,Stable in current zone
Madhya Pradesh,Raisen,7567.0,159461.0,21.070428118393234,0.983747357293869,50.52845528455285,-0.12985443266844549,False,YELLOW: Hybrid Center,Stable in current zone
Madhya Pradesh,Rajgarh,8171.0,207509.0,25.392682329907,0.9955947136563876,181.72222222222223,-0.03026236643983109,False,YELLOW: Hybrid Center,Will transition to RED within 2-3 years
Madhya Pradesh,Ratlam,7982.0,214370.0,26.85331329074283,0.9902292371288989,82.3974358974359,0.003393047672468458,False,YELLOW: Hybrid Center,Will transition to RED within 2-3 years
Madhya Pradesh,Rewa,10838.0,278093.0,25.65670264784574,0.9972322169941876,311.53333333333336,-0.024178890618392554,False,YELLOW: Hybrid Center,Will transition to RED within 2-3 years
Madhya Pradesh,Sagar,13841.0,280602.0,20.271781534460338,0.9719693685883543,29.824742268041238,-0.14825660421782438,False,YELLOW: Hybrid Center,Stable in current zone
Madhya Pradesh,Satna,13276.0,259766.0,19.565112600738118,0.9899826768095202,84.19548872180451,-0.16453945474093584,False,YELLOW: Hybrid Center,Stable in current zone
Madhya Pradesh,Sehore,6518.0,145871.0,22.37628470624329,0.9914097254180089,92.05357142857143,-0.09976528255881156,False,YELLOW: Hybrid Center,Stable in current zone
Madhya Pradesh,Seoni,6081.0,160035.0,26.312890496547187,0.998191384413022,505.27272727272725,-0.009059209894338432,False,YELLOW: Hybrid Center,Will transition to RED within 2-3 years
Madhya Pradesh,Shahdol,5297.0,149349.0,28.18969422423556,0.9886749716874292,73.5,0.034185530465481444,False,YELLOW: Hybrid Center,Will transition to RED within 2-3 years
Madhya Pradesh,Shajapur,7025.0,157866.0,22.468830059777968,0.9972957586108739,312.4736842105263,-0.09763288068531134,False,YELLOW: Hybrid Center,Stable in current zone
Madhya Pradesh,Sheopur,7230.0,95074.0,13.148112294288481,0.9806389157792836,26.892857142857142,-0.31239802303304653,False,GREEN: Enrolment Van,Stable in current zone
Madhya Pradesh,Shivpuri,12741.0,235502.0,18.482341861560194,0.9412964997645582,9.52807486631016,-0.18948832861312923,False,YELLOW: Hybrid Center,Stable in current zone
Madhya Pradesh,Sidhi,6292.0,175300.0,27.856348323534085,0.9974574924519307,350.375,0.026504675662618913,False,YELLOW: Hybrid Center,Will transition to RED within 2-3 years
Madhya Pradesh,Singrauli,6550.0,165134.0,25.20744924439017,0.9964890856357808,246.47826086956522,-0.034530450827690816,False,YELLOW: Hybrid Center,Will transition to RED within 2-3 years
Madhya Pradesh,Tikamgarh,7242.0,211784.0,29.239817755073865,0.995858069860555,189.13333333333333,0.05838215729804503,False,YELLOW: Hybrid Center,Will transition to RED within 2-3 years
Madhya Pradesh,Ujjain,14308.0,226659.0,15.840310294220421,0.9932909357746873,129.6875,-0.25036521598631295,False,YELLOW: Hybrid Center,Stable in current zone
Madhya Pradesh,Umaria,5300.0,68886.0,12.99490662139219,0.9933974721750614,124.57142857142857,-0.3159281415256243,False,GREEN: Enrolment Van,Stable in current zone
Madhya Pradesh,Vidisha,10374.0,174187.0,16.78910843373494,0.9835180722891567,46.771929824561404,-0.2285032979861169,False,YELLOW: Hybrid Center,Stable in current zone
Madhya Pradesh,West Nimar,760.0,11877.0,15.607095926412615,0.9908015768725361,88.28571428571429,-0.25573887047944954,False,YELLOW: Hybrid Center,Stable in current zone
Maharashtra,Ahilyanagar,13.0,2435.0,173.92857142857142,0.9285714285714286,12.0,3.392256388943467,True,RED: Express Update Hub,Stable RED zone - long-term update demand
Maharashtra,Ahmadnagar,11836.0,591228.0,49.947452901917714,0.9890174875390724,72.06923076923077,0.535521184773289,False,YELLOW: Hybrid Center,Will transition to RED within 2-3 years
Maharashtra,Ahmed Nagar,340.0,11434.0,33.530791788856305,0.9970674486803519,277.0,0.15725347519030233,False,YELLOW: Hybrid Center,Will transition to RED within 2-3 years
Maharashtra,Ahmednagar,368.0,0.0,0.0,0.9214092140921409,6.275862068965517,-0.6153528253919376,False,GREEN: Enrolment Van,Stable in current zone
Maharashtra,Akola,4708.0,247167.0,52.48821405818645,0.9893820344022085,79.32,0.594064630152358,False,RED: Express Update Hub,Stable RED zone - long-term update demand
Maharashtra,Amravati,6915.0,434474.0,62.82157316367843,0.9843840370156159,53.5462962962963,0.8321627460976921,False,RED: Express Update Hub,Stable RED zone - long-term update demand
Maharashtra,Aurangabad,17393.0,466502.0,26.819707945268483,0.9916063010233414,84.75342465753425,0.00261872352855274,False,YELLOW: Hybrid Center,Will transition to RED within 2-3 years
Maharashtra,Beed,10185.0,426646.0,41.885529157667385,0.9733948556842725,27.505535055350553,0.34976079119703524,False,YELLOW: Hybrid Center,Will transition to RED within 2-3 years
Maharashtra,Bhandara,1903.0,140098.0,73.58088235294117,0.9963235294117647,263.14285714285717,1.0800754742516228,False,RED: Express Update Hub,Stable RED zone - long-term update demand
Maharashtra,Bid,568.0,21810.0,38.33040421792619,0.9982425307557118,439.0,0.26784468420209234,False,YELLOW: Hybrid Center,Will transition to RED within 2-3 years
Maharashtra,Buldana,1075.0,58678.0,54.53345724907063,0.9990706319702602,963.0,0.6411905013650145,False,RED: Express Update Hub,Stable RED zone - long-term update demand
Maharashtra,Buldhana,7084.0,333673.0,47.095695130557516,0.9798165137614679,40.9020979020979,0.4698118500292315,False,YELLOW: Hybrid Center,Will transition to RED within 2-3 years
Maharashtra,Chandrapur,4475.0,325705.0,72.76697944593387,0.9805630026809652,46.13793103448276,1.061321771148643,False,RED: Express Update Hub,Stable RED zone - long-term update demand
Maharashtra,Chatrapati Sambhaji Nagar,211.0,9844.0,46.43396226415094,0.9198113207547169,6.705882352941177,0.4545644026946303,False,YELLOW: Hybrid Center,Will transition to RED within 2-3 years
Maharashtra,Chhatrapati Sambhajinagar,1010.0,19605.0,19.391691394658753,0.7675568743818002,1.748936170212766,-0.1685353733972921,False,YELLOW: Hybrid Center,Stable in current zone
Maharashtra,Dharashiv,144.0,3831.0,26.420689655172414,0.8068965517241379,3.1785714285714284,-0.006575334485855116,False,YELLOW: Hybrid Center,Will transition to RED within 2-3 years
Maharashtra,Dhule,12605.0,259762.0,20.606219260669523,0.9587498016817388,13.930769230769231,-0.1405505919038686,False,YELLOW: Hybrid Center,Stable in current zone
Maharashtra,Dist : Thane,0.0,1.0,1.0,,,-0.592311129703767,False,GREEN: Enrolment Van,Stable in current zone
Maharashtra,Gadchiroli,2374.0,193363.0,81.416,0.9903157894736843,90.6086956521739,1.2606098707561681,False,RED: Express Update Hub,Stable RED zone - long-term update demand
Maharashtra,Gondia,29.0,1840.0,61.333333333333336,0.9666666666666667,25.0,0.7978711768158657,False,RED: Express Update Hub,Stable RED zone - long-term update demand
Maharashtra,Gondiya,2890.0,160132.0,55.389830508474574,0.9975786924939467,397.14285714285717,0.6609227934036871,False,RED: Express Update Hub,Stable RED zone - long-term update demand
Maharashtra,Gondiya *,57.0,3416.0,58.89655172413793,0.9827586206896551,53.0,0.7417235965182541,False,RED: Express Update Hub,Stable RED zone - long-term update demand
Maharashtra,Hingoli,8189.0,213615.0,26.082417582417584,0.9543345543345544,17.002673796791445,-0.014369696646078641,False,YELLOW: Hybrid Center,Will transition to RED within 2-3 years
Maharashtra,Hingoli *,1.0,12.0,6.0,0.5,1.0,-0.4771026512629134,False,GREEN: Enrolment Van,Stable in current zone
Maharashtra,Jalgaon,13260.0,568460.0,42.867053766684265,0.9828067264912148,45.85087719298246,0.3723767825484529,False,YELLOW: Hybrid Center,Will transition to RED within 2-3 years
Maharashtra,Jalna,5590.0,272232.0,48.691110713646935,0.9964228223931318,231.35,0.5065729303909433,False,YELLOW: Hybrid Center,Will transition to RED within 2-3 years
Maharashtra,Kolhapur,7480.0,401018.0,53.60486565967117,0.9902419462638685,87.98630136986301,0.6197941765434773,False,RED: Express Update Hub,Stable RED zone - long-term update demand
Maharashtra,Latur,7607.0,372368.0,48.944269190325976,0.9804153522607781,39.11409395973154,0.5124061309714626,False,YELLOW: Hybrid Center,Will transition to RED within 2-3 years
Maharashtra,Mumbai,14552.0,539842.0,37.09489452346595,0.9946402803545661,135.82051282051282,0.23937644580255488,False,YELLOW: Hybrid Center,Will transition to RED within 2-3 years
Maharashtra,Mumbai City,2929.0,99446.0,33.94061433447099,0.9430034129692833,13.8562874251497,0.16669648157250744,False,YELLOW: Hybrid Center,Will transition to RED within 2-3 years
Maharashtra,Mumbai Suburban,18216.0,367167.0,20.155184717571498,0.9565790195970797,15.777496839443742,-0.1509431925907864,False,YELLOW: Hybrid Center,Stable in current zone
Maharashtra,Mumbai( Sub Urban ),419.0,8568.0,20.4,0.9976190476190476,340.0,-0.14530223335325532,False,YELLOW: Hybrid Center,Stable in current zone
Maharashtra,Nagpur,11828.0,509824.0,43.099501225801,0.9802181080395638,43.13247863247863,0.3777327661649092,False,YELLOW: Hybrid Center,Will transition to RED within 2-3 years
Maharashtra,Nanded,11947.0,579329.0,48.487529293605625,0.971794442584533,27.19287833827893,0.5018820692625858,False,YELLOW: Hybrid Center,Will transition to RED within 2-3 years
Maharashtra,Nandurbar,10516.0,240791.0,22.895407435580488,0.9773699724255966,32.13865546218487,-0.08780381460461124,False,YELLOW: Hybrid Center,Stable in current zone
Maharashtra,Nandurbar *,140.0,2245.0,15.921985815602836,0.9858156028368794,53.0,-0.24848327347744667,False,YELLOW: Hybrid Center,Stable in current zone
Maharashtra,Nashik,22368.0,822706.0,36.77884572399303,0.9863650587867138,53.31803278688525,0.23209414554248808,False,YELLOW: Hybrid Center,Will transition to RED within 2-3 years
Maharashtra,Osmanabad,4026.0,263888.0,65.52967469580332,0.9972684380432083,300.27272727272725,0.8945619974935826,False,RED: Express Update Hub,Stable RED zone - long-term update demand
Maharashtra,Palghar,10699.0,280059.0,26.17373831775701,0.9844859813084113,44.234939759036145,-0.012265512052367604,False,YELLOW: Hybrid Center,Will transition to RED within 2-3 years
Maharashtra,Parbhani,6272.0,300855.0,47.96030607364897,0.9681173282321058,25.31,0.4897339522686071,False,YELLOW: Hybrid Center,Will transition to RED within 2-3 years
Maharashtra,Pune,31763.0,1044240.0,32.87495277672837,0.9641103135625236,21.12982456140351,0.14214183225241997,False,YELLOW: Hybrid Center,Will transition to RED within 2-3 years
Maharashtra,Raigad,3433.0,56386.0,16.419918462434477,0.9691322073383809,24.38679245283019,-0.2370100609559466,False,YELLOW: Hybrid Center,Stable in current zone
Maharashtra,Raigarh,5230.0,242530.0,46.36398394188492,0.9996176639265915,2207.0,0.4529519834882078,False,YELLOW: Hybrid Center,Will transition to RED within 2-3 years
Maharashtra,Raigarh(MH),88.0,1353.0,15.202247191011235,0.9887640449438202,72.0,-0.26506727184030887,False,YELLOW: Hybrid Center,Stable in current zone
Maharashtra,Ratnagiri,2603.0,192198.0,73.80875576036867,0.9873271889400922,71.27272727272727,1.0853260639609936,False,RED: Express Update Hub,Stable RED zone - long-term update demand
Maharashtra,Sangli,7632.0,312897.0,40.9926634350845,0.9824446482379143,42.514925373134325,0.3291876509268818,False,YELLOW: Hybrid Center,Will transition to RED within 2-3 years
Maharashtra,Satara,6021.0,307792.0,51.11125871803387,0.9739289272666888,32.789808917197455,0.5623372442283607,False,RED: Express Update Hub,Stable RED zone - long-term update demand
Maharashtra,Sindhudurg,1202.0,76269.0,63.399002493765586,0.9808811305070657,48.73913043478261,0.8454676970029846,False,RED: Express Update Hub,Stable RED zone - long-term update demand
Maharashtra,Solapur,12292.0,600053.0,48.81257626291385,0.9787684047832099,36.54022988505747,0.5093717026137481,False,YELLOW: Hybrid Center,Will transition to RED within 2-3 years
Maharashtra,Thane,43688.0,1018526.0,23.313099407173432,0.9778433930737714,30.053719008264462,-0.07817948330377457,False,YELLOW: Hybrid Center,Stable in current zone
Maharashtra,Wardha,1953.0,156801.0,80.24616171954965,0.9969293756397134,309.8333333333333,1.2336548130936584,False,RED: Express Update Hub,Stable RED zone - long-term update demand
Maharashtra,Washim,3386.0,192494.0,56.83318571006791,0.9864186595807499,66.1086956521739,0.694180144728739,False,RED: Express Update Hub,Stable RED zone - long-term update demand
Maharashtra,Washim *,32.0,1834.0,55.57575757575758,0.9696969696969697,28.0,0.6652068683082161,False,RED: Express Update Hub,Stable RED zone - long-term update demand
Maharashtra,Yavatmal,7594.0,523299.0,68.90046082949308,0.9734035549703752,29.97029702970297,0.9722306258159675,False,RED: Express Update Hub,Stable RED zone - long-term update demand
Manipur,Bishnupur,1117.0,72364.0,64.7262969588551,0.9615384615384616,12.0,0.8760508121561704,False,RED: Express Update Hub,Stable RED zone - long-term update demand
Manipur,Chandel,759.0,17672.0,23.25263157894737,0.9921052631578947,40.666666666666664,-0.07957276460068409,False,YELLOW: Hybrid Center,Stable in current zone
Manipur,Churachandpur,4638.0,38085.0,8.209743479198103,0.9765035568010347,11.522935779816514,-0.42618641446631117,False,GREEN: Enrolment Van,Stable in current zone
Manipur,Imphal East,1132.0,115294.0,101.75992939099736,0.9911738746690203,55.9,1.7293685008851614,False,RED: Express Update Hub,Stable RED zone - long-term update demand
Manipur,Imphal West,1236.0,120661.0,97.54324979789814,0.973322554567502,19.545454545454547,1.6322090528864497,False,RED: Express Update Hub,Stable RED zone - long-term update demand
Manipur,Jiribam,145.0,3963.0,27.143835616438356,0.9863013698630136,26.5,0.0100871746917644,False,YELLOW: Hybrid Center,Will transition to RED within 2-3 years
Manipur,Kakching,109.0,5372.0,48.836363636363636,0.9818181818181818,19.5,0.509919804033999,False,YELLOW: Hybrid Center,Will transition to RED within 2-3 years
Manipur,Kangpokpi,0.0,3.0,3.0,,,-0.5462277383274255,False,GREEN: Enrolment Van,Stable in current zone
Manipur,Pherzawl,11.0,178.0,14.833333333333334,0.9166666666666666,1.0,-0.27356767268407217,False,GREEN: Enrolment Van,Stable in current zone
Manipur,Senapati,1501.0,48106.0,32.02796271637816,0.988681757656458,44.94117647058823,0.12262574503092513,False,YELLOW: Hybrid Center,Will transition to RED within 2-3 years
Manipur,Tamenglong,960.0,18285.0,19.027055150884497,0.9687825182101977,9.9,-0.17693721076321614,False,YELLOW: Hybrid Center,Stable in current zone
Manipur,Thoubal,1067.0,115287.0,107.94662921348315,0.9934456928838952,60.42857142857143,1.8719205555089387,False,RED: Express Update Hub,Stable RED zone - long-term update demand
Manipur,Ukhrul,781.0,28866.0,36.91304347826087,0.9808184143222506,22.866666666666667,0.2351862893583635,False,YELLOW: Hybrid Center,Will transition to RED within 2-3 years
Meghalaya,East Garo Hills,6052.0,9069.0,1.4982653229803404,0.7232777135304808,0.6041791044776119,-0.5808302517596858,False,GREEN: Enrolment Van,Stable in current zone
Meghalaya,East Jaintia Hills,5133.0,6176.0,1.2029606544604596,0.6499805220101286,0.5470228158041179,-0.5876345720670171,False,GREEN: Enrolment Van,Stable in current zone
Meghalaya,East Khasi Hills,28812.0,37364.0,1.2967757609412418,0.6547044736750772,0.4279827118303347,-0.5854729129325336,False,GREEN: Enrolment Van,Stable in current zone
Meghalaya,Eastern West Khasi Hills,818.0,314.0,0.3833943833943834,0.2796092796092796,0.005084745762711864,-0.6065187686812105,False,GREEN: Enrolment Van,Will transition to YELLOW within 3-5 years
Meghalaya,Jaintia Hills,4.0,33.0,6.6,0.8,4.0,-0.46327763385001103,False,GREEN: Enrolment Van,Stable in current zone
Meghalaya,Kamrup,143.0,0.0,0.0,0.5833333333333334,0.21666666666666667,-0.6153528253919376,False,GREEN: Enrolment Van,Stable in current zone
Meghalaya,North Garo Hills,3069.0,5075.0,1.6530944625407167,0.7527687296416938,0.6021080368906456,-0.5772627258422743,False,GREEN: Enrolment Van,Stable in current zone
Meghalaya,Ri Bhoi,9308.0,12740.0,1.3685680524223869,0.6376624771726287,0.39667951378594724,-0.5838186967994685,False,GREEN: Enrolment Van,Stable in current zone
Meghalaya,South Garo Hills,4441.0,5289.0,1.1906798739306619,0.6742458352093651,0.3925362819626814,-0.5879175420747978,False,GREEN: Enrolment Van,Stable in current zone
Meghalaya,South West Garo Hills,4956.0,12097.0,2.4403873310470043,0.8216663304417995,2.734162895927602,-0.5591221631486855,False,GREEN: Enrolment Van,Stable in current zone
Meghalaya,South West Khasi Hills,3446.0,8172.0,2.370757180156658,0.6765303162170003,0.7076233183856502,-0.5607265598962222,False,GREEN: Enrolment Van,Stable in current zone
Meghalaya,West Garo Hills,15875.0,48440.0,3.051146384479718,0.713970773494583,1.0008808632459811,-0.5450492389006937,False,GREEN: Enrolment Van,Stable in current zone
Meghalaya,West Jaintia Hills,11816.0,13637.0,1.154015401540154,0.6785140052466785,0.6270071071334562,-0.5887623536901873,False,GREEN: Enrolment Van,Stable in current zone
Meghalaya,West Khasi Hills,15898.0,16598.0,1.0439650292471225,0.6659538335744386,0.45377518358124647,-0.5912981008789332,False,GREEN: Enrolment Van,Stable in current zone
Mizoram,Aizawl,1059.0,50569.0,47.7066037735849,0.9415094339622642,12.290322580645162,0.48388822107514184,False,YELLOW: Hybrid Center,Will transition to RED within 2-3 years
Mizoram,Champhai,1165.0,22437.0,19.24271012006861,0.9210977701543739,8.75,-0.17196815458963394,False,YELLOW: Hybrid Center,Stable in current zone
Mizoram,Hnahthial,2.0,64.0,21.333333333333332,0.6666666666666666,2.0,-0.12379665071096264,False,YELLOW: Hybrid Center,Stable in current zone
Mizoram,Khawzawl,36.0,43.0,1.162162162162162,0.32432432432432434,0.2,-0.5885746385110906,False,GREEN: Enrolment Van,Stable in current zone
Mizoram,Kolasib,275.0,14798.0,53.61594202898551,0.8695652173913043,5.25,0.6200493948745481,False,RED: Express Update Hub,Stable RED zone - long-term update demand
Mizoram,Lawngtlai,1642.0,17825.0,10.849056603773585,0.9403530127814973,11.877551020408163,-0.3653721646240479,False,GREEN: Enrolment Van,Stable in current zone
Mizoram,Lunglei,726.0,22612.0,31.103163686382395,0.9037138927097662,7.728571428571429,0.1013168072090472,False,YELLOW: Hybrid Center,Will transition to RED within 2-3 years
Mizoram,Mamit,171.0,12524.0,72.81395348837209,0.9767441860465116,35.25,1.0624041327397478,False,RED: Express Update Hub,Stable RED zone - long-term update demand
Mizoram,Mammit,79.0,3493.0,43.6625,0.9875,71.0,0.39070521259281576,False,YELLOW: Hybrid Center,Will transition to RED within 2-3 years
Mizoram,Saiha,657.0,7607.0,11.560790273556231,0.8434650455927052,3.6310679611650487,-0.34897261399389123,False,GREEN: Enrolment Van,Stable in current zone
Mizoram,Saitual,12.0,204.0,15.692307692307692,0.38461538461538464,0.25,-0.2537754469006435,False,YELLOW: Hybrid Center,Stable in current zone
Mizoram,Serchhip,102.0,10059.0,97.66019417475728,0.9320388349514563,11.428571428571429,1.6349036496304807,False,RED: Express Update Hub,Stable RED zone - long-term update demand
Nagaland,Chumukedima,184.0,2488.0,13.448648648648648,0.7243243243243244,0.7254901960784313,-0.30547315581264733,False,GREEN: Enrolment Van,Stable in current zone
Nagaland,Dimapur,3196.0,33438.0,10.459180481701596,0.9133562715045355,4.036101083032491,-0.3743555715849147,False,GREEN: Enrolment Van,Stable in current zone
Nagaland,Kiphire,908.0,6268.0,6.895489548954895,0.9416941694169417,3.0754716981132075,-0.45646905358395745,False,GREEN: Enrolment Van,Stable in current zone
Nagaland,Kohima,1621.0,17261.0,10.641800246609124,0.9334155363748459,5.203703703703703,-0.3701477025352702,False,GREEN: Enrolment Van,Stable in current zone
Nagaland,Longleng,889.0,3494.0,3.9258426966292137,0.9449438202247191,4.183673469387755,-0.5248947526565798,False,GREEN: Enrolment Van,Stable in current zone
Nagaland,Meluri,17.0,961.0,53.388888888888886,0.8333333333333334,0.6666666666666666,0.6148177055153982,False,RED: Express Update Hub,Stable RED zone - long-term update demand
Nagaland,Mokokchung,490.0,11241.0,22.894093686354378,0.9103869653767821,3.0,-0.08783408561448984,False,YELLOW: Hybrid Center,Stable in current zone
Nagaland,Mon,2223.0,18706.0,8.410971223021583,0.9226618705035972,3.5930232558139537,-0.42154978602911336,False,GREEN: Enrolment Van,Stable in current zone
Nagaland,Niuland,31.0,658.0,20.5625,0.90625,4.666666666666667,-0.14155795780392755,False,YELLOW: Hybrid Center,Stable in current zone
Nagaland,Noklak,354.0,1194.0,3.363380281690141,0.8901408450704226,1.794871794871795,-0.5378548404576395,False,GREEN: Enrolment Van,Stable in current zone
Nagaland,Peren,1454.0,6388.0,4.390378006872853,0.9305841924398626,5.0594059405940595,-0.5141910714015359,False,GREEN: Enrolment Van,Stable in current zone
Nagaland,Phek,1043.0,10226.0,9.795019157088122,0.9616858237547893,7.725,-0.3896589747145108,False,GREEN: Enrolment Van,Stable in current zone
Nagaland,Shamator,247.0,603.0,2.431451612903226,0.9032258064516129,0.125,-0.5593280572469096,False,GREEN: Enrolment Van,Stable in current zone
Nagaland,Tseminyu,32.0,277.0,8.393939393939394,0.6666666666666666,0.6363636363636364,-0.4219422282518381,False,GREEN: Enrolment Van,Stable in current zone
Nagaland,Tuensang,1579.0,13947.0,8.827215189873417,0.9462025316455697,6.023529411764706,-0.41195881921287636,False,GREEN: Enrolment Van,Stable in current zone
Nagaland,Wokha,558.0,8832.0,15.79964221824687,0.9445438282647585,3.806451612903226,-0.2513022774171189,False,YELLOW: Hybrid Center,Stable in current zone
Nagaland,Zunheboto,761.0,10402.0,13.650918635170603,0.937007874015748,2.7291666666666665,-0.30081251233635803,False,GREEN: Enrolment Van,Stable in current zone
Nagpur,Near Uday nagar NIT garden,0.0,1.0,1.0,,,-0.592311129703767,False,GREEN: Enrolment Van,Stable in current zone
ODISHA,NUAPADA,1.0,84.0,42.0,0.5,1.0,0.3523983935112319,False,YELLOW: Hybrid Center,Will transition to RED within 2-3 years
Odisha,ANGUL,1.0,14.0,7.0,0.5,1.0,-0.4540609555747427,False,GREEN: Enrolment Van,Stable in current zone
Odisha,ANUGUL,13.0,390.0,27.857142857142858,0.9285714285714286,12.0,0.026522983064246268,False,YELLOW: Hybrid Center,Will transition to RED within 2-3 years
Odisha,Angul,3009.0,93503.0,31.064119601328905,0.9950166112956811,172.13333333333333,0.10041716528282163,False,YELLOW: Hybrid Center,Will transition to RED within 2-3 years
Odisha,Anugal,3.0,15.0,3.75,0.75,1.0,-0.5289464665612975,False,GREEN: Enrolment Van,Stable in current zone
Odisha,Anugul,143.0,3112.0,21.61111111111111,0.9930555555555556,117.0,-0.11739617968647077,False,YELLOW: Hybrid Center,Stable in current zone
Odisha,BALANGIR,0.0,1.0,1.0,,,-0.592311129703767,False,GREEN: Enrolment Van,Stable in current zone
Odisha,Balangir,5234.0,126776.0,24.21700095510984,0.9891117478510029,74.63157894736842,-0.05735205890415745,False,YELLOW: Hybrid Center,Stable in current zone
Odisha,Baleshwar,845.0,31347.0,37.0531914893617,0.9988179669030733,641.0,0.2384155371814513,False,YELLOW: Hybrid Center,Will transition to RED within 2-3 years
Odisha,Baleswar,6015.0,147871.0,24.5796210106383,0.9991688829787234,972.8,-0.048996677934243116,False,YELLOW: Hybrid Center,Stable in current zone
Odisha,Balianta,0.0,1.0,1.0,,,-0.592311129703767,False,GREEN: Enrolment Van,Stable in current zone
Odisha,Bargarh,5150.0,115497.0,22.422248107163657,0.9992234517569404,1082.25,-0.09870620786201106,False,YELLOW: Hybrid Center,Stable in current zone
Odisha,Baudh,171.0,5966.0,34.68604651162791,0.9941860465116279,138.0,0.1838725029547276,False,YELLOW: Hybrid Center,Will transition to RED within 2-3 years
Odisha,Bhadrak,4520.0,132118.0,29.22318071223181,0.9966821499668215,224.6,0.05799881161972731,False,YELLOW: Hybrid Center,Will transition to RED within 2-3 years
Odisha,Bhadrak(R),0.0,1.0,1.0,,,-0.592311129703767,False,GREEN: Enrolment Van,Stable in current zone
Odisha,Boudh,1424.0,33494.0,23.50456140350877,0.9978947368421053,392.3333333333333,-0.07376787424836606,False,YELLOW: Hybrid Center,Stable in current zone
Odisha,Cuttack,5080.0,183397.0,36.09466640425113,0.9968510135800039,252.5,0.21632949386085557,False,YELLOW: Hybrid Center,Will transition to RED within 2-3 years
Odisha,Debagarh,876.0,24229.0,27.627137970353477,0.9931584948688712,129.33333333333334,0.021223280456053203,False,YELLOW: Hybrid Center,Will transition to RED within 2-3 years
Odisha,Dhenkanal,2891.0,105378.0,36.43775933609958,0.9968879668049793,262.0,0.2242349367892699,False,YELLOW: Hybrid Center,Will transition to RED within 2-3 years
Odisha,Gajapati,1994.0,80230.0,40.21553884711779,0.9904761904761905,87.26315789473684,0.31128138265915783,False,YELLOW: Hybrid Center,Will transition to RED within 2-3 years
Odisha,Ganjam,7714.0,276436.0,35.83097861309138,0.998703823720026,670.9,0.21025368002026676,False,YELLOW: Hybrid Center,Will transition to RED within 2-3 years
Odisha,JAJPUR,2472.0,55130.0,22.292761827739586,0.9797816417306915,39.34,-0.10168979130829396,False,YELLOW: Hybrid Center,Stable in current zone
Odisha,Jagatsinghapur,3149.0,63783.0,20.248571428571427,0.9920634920634921,112.84,-0.14879140441460686,False,YELLOW: Hybrid Center,Stable in current zone
Odisha,Jagatsinghpur,694.0,17266.0,24.843165467625898,0.9985611510791367,626.0,-0.042924166756030654,False,YELLOW: Hybrid Center,Stable in current zone
Odisha,Jajapur,2497.0,85603.0,34.26861489191353,0.9987990392313851,671.3333333333334,0.1742541706026487,False,YELLOW: Hybrid Center,Will transition to RED within 2-3 years
Odisha,Jajpur,17.0,521.0,28.944444444444443,0.9444444444444444,10.0,0.05157625536011436,False,YELLOW: Hybrid Center,Will transition to RED within 2-3 years
Odisha,Jharsuguda,1157.0,42460.0,36.666666666666664,0.9991364421416234,1071.0,0.2295093498409881,False,YELLOW: Hybrid Center,Will transition to RED within 2-3 years
Odisha,Kalahandi,4485.0,142287.0,31.718011591618367,0.985510477039679,51.53846153846154,0.1154839455360037,False,YELLOW: Hybrid Center,Will transition to RED within 2-3 years
Odisha,Kandhamal,3049.0,91485.0,29.995081967213114,0.9970491803278688,289.22222222222223,0.0757847254383236,False,YELLOW: Hybrid Center,Will transition to RED within 2-3 years
Odisha,Kendrapara,3962.0,117828.0,29.732021196063588,0.9876356295735554,64.51020408163265,0.0697233592020007,False,YELLOW: Hybrid Center,Will transition to RED within 2-3 years
Odisha,Kendujhar,5377.0,156009.0,29.008739308293045,0.9970249163257716,270.625,0.05305771804722622,False,YELLOW: Hybrid Center,Will transition to RED within 2-3 years
Odisha,Khorda,4315.0,131911.0,30.563253012048193,0.9615384615384616,21.06024096385542,0.0888763497522435,False,YELLOW: Hybrid Center,Will transition to RED within 2-3 years
Odisha,Khordha,496.0,13603.0,27.37022132796781,0.971830985915493,27.5,0.01530348536497605,False,YELLOW: Hybrid Center,Will transition to RED within 2-3 years
Odisha,Koraput,4383.0,145412.0,33.168795620437955,0.989279197080292,67.48936170212765,0.1489124696373229,False,YELLOW: Hybrid Center,Will transition to RED within 2-3 years
Odisha,Malkangiri,2823.0,68869.0,24.387039660056658,0.998229461756374,466.6,-0.0534340788095622,False,YELLOW: Hybrid Center,Stable in current zone
Odisha,Mayurbhanj,8122.0,228389.0,28.11633632894251,0.9955681398498092,172.97222222222223,0.032495240165814294,False,YELLOW: Hybrid Center,Will transition to RED within 2-3 years
Odisha,NAYAGARH,0.0,9.0,9.0,,,-0.4079775641984013,False,GREEN: Enrolment Van,Stable in current zone
Odisha,NUAPADA,38.0,564.0,14.461538461538462,0.9743589743589743,34.0,-0.28213445697839207,False,GREEN: Enrolment Van,Stable in current zone
Odisha,Nabarangapur,6229.0,132397.0,21.251524879614767,0.989406099518459,63.24242424242424,-0.12568165620626565,False,YELLOW: Hybrid Center,Stable in current zone
Odisha,Nabarangpur,442.0,0.0,0.0,0.9706546275395034,25.153846153846153,-0.6153528253919376,False,GREEN: Enrolment Van,Stable in current zone
Odisha,Nayagarh,2362.0,83730.0,35.43377063055438,0.9949217096910706,173.33333333333334,0.2011013345617369,False,YELLOW: Hybrid Center,Will transition to RED within 2-3 years
Odisha,Nuapada,2081.0,64546.0,31.001921229586937,0.9985590778097982,555.3333333333334,0.0989840093288435,False,YELLOW: Hybrid Center,Will transition to RED within 2-3 years
Odisha,Puri,3511.0,102318.0,29.13382687927107,0.9985763097949886,591.8,0.05593994779207431,False,YELLOW: Hybrid Center,Will transition to RED within 2-3 years
Odisha,Rayagada,3045.0,90344.0,29.65988181221274,0.9986868023637557,592.5,0.0680611454721773,False,YELLOW: Hybrid Center,Will transition to RED within 2-3 years
Odisha,Sambalpur,2552.0,82268.0,32.22405013709361,0.9992166079122601,1117.0,0.12714393170732885,False,YELLOW: Hybrid Center,Will transition to RED within 2-3 years
Odisha,Sonapur,1488.0,39418.0,26.472800537273336,0.9986568166554735,633.0,-0.0053746113984435104,False,YELLOW: Hybrid Center,Will transition to RED within 2-3 years
Odisha,Subarnapur,399.0,10784.0,26.96,0.9975,339.0,0.005851290361144558,False,YELLOW: Hybrid Center,Will transition to RED within 2-3 years
Odisha,Sundargarh,591.0,22055.0,37.255067567567565,0.9983108108108109,486.0,0.24306710434219214,False,YELLOW: Hybrid Center,Will transition to RED within 2-3 years
Odisha,Sundergarh,4000.0,136933.0,34.224693826543366,0.9950012496875781,167.05,0.17324215478008914,False,YELLOW: Hybrid Center,Will transition to RED within 2-3 years
Odisha,jajpur,18.0,366.0,19.263157894736842,0.9473684210526315,14.0,-0.17149700318822828,False,YELLOW: Hybrid Center,Stable in current zone
Orissa,Angul,0.0,5.0,5.0,,,-0.5001443469510841,False,GREEN: Enrolment Van,Stable in current zone
Orissa,Anugul,51.0,416.0,8.0,0.9807692307692307,42.0,-0.431019259886572,False,GREEN: Enrolment Van,Stable in current zone
Orissa,Anugul  *,0.0,1.0,1.0,,,-0.592311129703767,False,GREEN: Enrolment Van,Stable in current zone
Orissa,Balangir,436.0,16863.0,38.588100686498855,0.9977116704805492,328.0,0.27378244781086003,False,YELLOW: Hybrid Center,Will transition to RED within 2-3 years
Orissa,Baleshwar,384.0,5776.0,15.002597402597402,0.9974025974025974,337.0,-0.26966754150914807,False,YELLOW: Hybrid Center,Stable in current zone
Orissa,Baleswar,3.0,17.0,4.25,0.75,2.0,-0.5174256187172122,False,GREEN: Enrolment Van,Stable in current zone
Orissa,Bargarh,89.0,1781.0,19.788888888888888,0.9888888888888889,82.0,-0.1593832696071374,False,YELLOW: Hybrid Center,Stable in current zone
Orissa,Baudh,4.0,9.0,1.8,0.8,4.0,-0.5738777731532304,False,GREEN: Enrolment Van,Stable in current zone
Orissa,Bhadrak,371.0,8212.0,22.0752688172043,0.9973118279569892,332.0,-0.10670119907135212,False,YELLOW: Hybrid Center,Stable in current zone
Orissa,Cuttack,322.0,8342.0,25.826625386996906,0.9969040247678018,265.0,-0.020263582572371003,False,YELLOW: Hybrid Center,Will transition to RED within 2-3 years
Orissa,Debagarh,7.0,12.0,1.5,0.875,7.0,-0.5807902818596816,False,GREEN: Enrolment Van,Stable in current zone
Orissa,Dhenkanal,126.0,2252.0,17.73228346456693,0.9921259842519685,108.0,-0.20677094594500514,False,YELLOW: Hybrid Center,Stable in current zone
Orissa,Gajapati,8.0,130.0,14.444444444444445,0.8888888888888888,8.0,-0.2825283321183608,False,GREEN: Enrolment Van,Stable in current zone
Orissa,Ganjam,402.0,11265.0,27.952853598014887,0.9975186104218362,354.0,0.02872832082950892,False,YELLOW: Hybrid Center,Will transition to RED within 2-3 years
Orissa,Jagatsinghapur,35.0,308.0,8.555555555555555,0.9722222222222222,31.0,-0.41821831783758834,False,GREEN: Enrolment Van,Stable in current zone
Orissa,Jajapur,111.0,1243.0,11.098214285714286,0.9910714285714286,93.0,-0.3596311491384003,False,GREEN: Enrolment Van,Stable in current zone
Orissa,Jajapur  *,0.0,3.0,3.0,,,-0.5462277383274255,False,GREEN: Enrolment Van,Stable in current zone
Orissa,Jharsuguda,25.0,182.0,7.0,0.9615384615384616,25.0,-0.4540609555747427,False,GREEN: Enrolment Van,Stable in current zone
Orissa,Kalahandi,11.0,32.0,2.6666666666666665,0.9166666666666666,11.0,-0.5539083035568158,False,GREEN: Enrolment Van,Stable in current zone
Orissa,Kandhamal,32.0,499.0,15.121212121212121,0.9696969696969697,30.0,-0.26693445725868975,False,YELLOW: Hybrid Center,Stable in current zone
Orissa,Kendrapara,53.0,477.0,8.833333333333334,0.9814814814814815,49.0,-0.41181784681309647,False,GREEN: Enrolment Van,Stable in current zone
Orissa,Kendrapara *,1.0,0.0,0.0,0.5,1.0,-0.6153528253919376,False,GREEN: Enrolment Van,Stable in current zone
Orissa,Kendujhar,49.0,662.0,13.24,0.98,39.0,-0.3102807744805575,False,GREEN: Enrolment Van,Stable in current zone
Orissa,Khorda,2.0,9.0,3.0,0.6666666666666666,1.0,-0.5462277383274255,False,GREEN: Enrolment Van,Stable in current zone
Orissa,Khordha,726.0,17677.0,24.31499312242091,0.9986244841815681,629.0,-0.05509415320515147,False,YELLOW: Hybrid Center,Stable in current zone
Orissa,Khordha  *,0.0,1.0,1.0,,,-0.592311129703767,False,GREEN: Enrolment Van,Stable in current zone
Orissa,Koraput,119.0,2059.0,17.158333333333335,0.9916666666666667,94.0,-0.21999573020907529,False,YELLOW: Hybrid Center,Stable in current zone
Orissa,Malkangiri,47.0,439.0,9.145833333333334,0.9791666666666666,40.0,-0.4046173169105431,False,GREEN: Enrolment Van,Stable in current zone
Orissa,Mayurbhanj,32.0,117.0,3.5454545454545454,0.9696969696969697,31.0,-0.5336595406793324,False,GREEN: Enrolment Van,Stable in current zone
Orissa,Nabarangapur,3.0,25.0,6.25,0.75,1.0,-0.4713422273408707,False,GREEN: Enrolment Van,Stable in current zone
Orissa,Nayagarh,104.0,1805.0,17.19047619047619,0.9904761904761905,92.0,-0.21925510427624126,False,YELLOW: Hybrid Center,Stable in current zone
Orissa,Nuapada,2.0,4.0,1.3333333333333333,0.6666666666666666,2.0,-0.5846305644743768,False,GREEN: Enrolment Van,Stable in current zone
Orissa,Puri,220.0,5468.0,24.742081447963802,0.995475113122172,194.0,-0.04525331397602174,False,YELLOW: Hybrid Center,Stable in current zone
Orissa,Rayagada,181.0,2326.0,12.780219780219781,0.9945054945054945,146.0,-0.3208748903881736,False,GREEN: Enrolment Van,Stable in current zone
Orissa,Sambalpur,25.0,374.0,14.384615384615385,0.9615384615384616,21.0,-0.28390689510825134,False,GREEN: Enrolment Van,Stable in current zone
Orissa,Sonapur,22.0,174.0,7.565217391304348,0.9565217391304348,22.0,-0.44103738844664625,False,GREEN: Enrolment Van,Stable in current zone
Orissa,Subarnapur,6.0,81.0,11.571428571428571,0.8571428571428571,6.0,-0.34872748957167665,False,GREEN: Enrolment Van,Stable in current zone
Orissa,Sundargarh,139.0,1792.0,12.8,0.9928571428571429,121.0,-0.3204191205833526,False,GREEN: Enrolment Van,Stable in current zone
Orissa,Sundergarh,1.0,3.0,1.5,0.5,0.0,-0.5807902818596816,False,GREEN: Enrolment Van,Stable in current zone
Pondicherry,Cuddalore,0.0,6.0,6.0,,,-0.4771026512629134,False,GREEN: Enrolment Van,Stable in current zone
Pondicherry,Karaikal,162.0,3637.0,22.312883435582823,0.9938650306748467,154.0,-0.1012261553436134,False,YELLOW: Hybrid Center,Stable in current zone
Pondicherry,Pondicherry,1084.0,31045.0,28.612903225806452,0.9990783410138249,1015.0,0.04393698349217251,False,YELLOW: Hybrid Center,Will transition to RED within 2-3 years
Pondicherry,Viluppuram,0.0,8.0,8.0,,,-0.431019259886572,False,GREEN: Enrolment Van,Stable in current zone
Pondicherry,Yanam,26.0,350.0,12.962962962962964,0.9629629629629629,24.0,-0.3166641775823174,False,GREEN: Enrolment Van,Stable in current zone
Puducherry,Karaikal,405.0,18931.0,46.62807881773399,0.9679802955665024,27.923076923076923,0.45903717725032744,False,YELLOW: Hybrid Center,Will transition to RED within 2-3 years
Puducherry,Pondicherry,3.0,80.0,20.0,0.75,3.0,-0.15451891162852355,False,YELLOW: Hybrid Center,Stable in current zone
Puducherry,Puducherry,1330.0,48428.0,36.38467317806161,0.9752066115702479,36.75757575757576,0.22301174169050483,False,YELLOW: Hybrid Center,Will transition to RED within 2-3 years
Puducherry,Yanam,7.0,186.0,23.25,0.875,6.0,-0.07963340064196878,False,YELLOW: Hybrid Center,Stable in current zone
Punjab,Amritsar,9655.0,254083.0,26.313483844241922,0.9743164871582436,30.778225806451612,-0.00904553815731906,False,YELLOW: Hybrid Center,Will transition to RED within 2-3 years
Punjab,Barnala,1013.0,49043.0,48.365877712031555,0.9911242603550295,102.88888888888889,0.4990790105399714,False,YELLOW: Hybrid Center,Will transition to RED within 2-3 years
Punjab,Bathinda,2704.0,134160.0,49.597042513863215,0.9929759704251386,125.6842105263158,0.5274471352457635,False,YELLOW: Hybrid Center,Will transition to RED within 2-3 years
Punjab,Faridkot,902.0,54134.0,59.94905869324474,0.9878183831672204,72.0909090909091,0.765975141810092,False,RED: Express Update Hub,Stable RED zone - long-term update demand
Punjab,Fatehgarh Sahib,1048.0,52745.0,50.28122020972354,0.9866539561487131,63.642857142857146,0.543211749510411,False,RED: Express Update Hub,Stable RED zone - long-term update demand
Punjab,Fazilka,1911.0,93057.0,48.66997907949791,0.9942468619246861,148.1818181818182,0.5060860217074876,False,YELLOW: Hybrid Center,Will transition to RED within 2-3 years
Punjab,Ferozepur,1381.0,83525.0,60.43777134587554,0.9956584659913169,210.33333333333334,0.7772359100309698,False,RED: Express Update Hub,Stable RED zone - long-term update demand
Punjab,Firozpur,395.0,18004.0,45.464646464646464,0.9974747474747475,347.0,0.4322297230167122,False,YELLOW: Hybrid Center,Will transition to RED within 2-3 years
Punjab,Gurdaspur,5120.0,191207.0,37.337824643624295,0.9752001562194884,34.92913385826772,0.24497396770473412,False,YELLOW: Hybrid Center,Will transition to RED within 2-3 years
Punjab,Hoshiarpur,4134.0,139313.0,33.69117291414752,0.947037484885127,16.050228310502284,0.16094892827338894,False,YELLOW: Hybrid Center,Will transition to RED within 2-3 years
Punjab,Jalandhar,4118.0,192401.0,46.7106093712066,0.9822772517601359,45.397260273972606,0.46093882114841955,False,YELLOW: Hybrid Center,Will transition to RED within 2-3 years
Punjab,Kapurthala,3726.0,67975.0,18.238529648510866,0.6742688489401664,1.7026359143327843,-0.19510617543127126,False,YELLOW: Hybrid Center,Stable in current zone
Punjab,Ludhiana,17614.0,310630.0,17.634402497871132,0.9527107578768096,14.656662665066026,-0.20902628939327367,False,YELLOW: Hybrid Center,Stable in current zone
Punjab,Malerkotla,865.0,28886.0,33.35565819861432,0.9896073903002309,79.0,0.15321810029916977,False,YELLOW: Hybrid Center,Will transition to RED within 2-3 years
Punjab,Mansa,1124.0,82594.0,73.41688888888889,0.9822222222222222,49.9,1.076296786758081,False,RED: Express Update Hub,Stable RED zone - long-term update demand
Punjab,Moga,1535.0,85390.0,55.592447916666664,0.97265625,31.785714285714285,0.665591442064375,False,RED: Express Update Hub,Stable RED zone - long-term update demand
Punjab,Muktsar,334.0,12430.0,37.1044776119403,0.9970149253731343,306.0,0.23959725641093352,False,YELLOW: Hybrid Center,Will transition to RED within 2-3 years
Punjab,Nawanshahr,192.0,7147.0,37.031088082901555,0.9948186528497409,169.0,0.23790623721612464,False,YELLOW: Hybrid Center,Will transition to RED within 2-3 years
Punjab,Pathankot,1115.0,41092.0,36.82078853046595,0.985663082437276,64.5625,0.23306057892554488,False,YELLOW: Hybrid Center,Will transition to RED within 2-3 years
Punjab,Patiala,5150.0,208363.0,40.450980392156865,0.9836924868957484,51.166666666666664,0.3167063550923009,False,YELLOW: Hybrid Center,Will transition to RED within 2-3 years
Punjab,Rupnagar,1246.0,59158.0,47.440256615878106,0.9887730553327987,81.42857142857143,0.4777511309198526,False,YELLOW: Hybrid Center,Will transition to RED within 2-3 years
Punjab,S.A.S Nagar,705.0,0.0,0.0,0.9305949008498584,10.061224489795919,-0.6153528253919376,False,GREEN: Enrolment Van,Stable in current zone
Punjab,S.A.S Nagar(Mohali),277.0,5056.0,18.18705035971223,0.9964028776978417,241.0,-0.1962923455380129,False,YELLOW: Hybrid Center,Stable in current zone
Punjab,SAS Nagar (Mohali),2953.0,115913.0,39.23933649289099,0.9786729857819905,38.06349206349206,0.28878802508298806,False,YELLOW: Hybrid Center,Will transition to RED within 2-3 years
Punjab,Sangrur,2329.0,112385.0,48.23390557939914,0.9828326180257511,52.175,0.49603814882053643,False,YELLOW: Hybrid Center,Will transition to RED within 2-3 years
Punjab,Shaheed Bhagat Singh Nagar,946.0,36844.0,38.90601900739176,0.9524815205913411,17.8,0.2811078250145686,False,YELLOW: Hybrid Center,Will transition to RED within 2-3 years
Punjab,Sri Muktsar Sahib,1315.0,77914.0,59.20516717325228,0.993161094224924,128.55555555555554,0.748834619781415,False,RED: Express Update Hub,Stable RED zone - long-term update demand
Punjab,Tarn Taran,2939.0,108117.0,36.77448979591837,0.9928571428571429,126.0,0.2319937775733522,False,YELLOW: Hybrid Center,Will transition to RED within 2-3 years
Puttenahalli,5th cross,0.0,1.0,1.0,,,-0.592311129703767,False,GREEN: Enrolment Van,Stable in current zone
Raja Annamalai Puram,Near Dhyana Ashram,0.0,1.0,1.0,,,-0.592311129703767,False,GREEN: Enrolment Van,Stable in current zone
Rajasthan,Ajmer,12135.0,265894.0,21.909525379037575,0.9877224785761372,61.74496644295302,-0.11052020893590093,False,YELLOW: Hybrid Center,Stable in current zone
Rajasthan,Alwar,23383.0,368193.0,15.745509750256586,0.9869141293191926,51.51633986928105,-0.2525495812714007,False,YELLOW: Hybrid Center,Stable in current zone
Rajasthan,Balotra,1.0,509.0,254.5,0.5,1.0,5.248758727247507,True,RED: Express Update Hub,Stable RED zone - long-term update demand
Rajasthan,Banswara,7263.0,195005.0,26.845401982378856,0.9957323788546255,135.58064516129033,0.003210757712650522,False,YELLOW: Hybrid Center,Will transition to RED within 2-3 years
Rajasthan,Baran,6267.0,159014.0,25.36917677089981,0.9875558391831525,58.1025641025641,-0.03080397437745512,False,YELLOW: Hybrid Center,Will transition to RED within 2-3 years
Rajasthan,Barmer,15851.0,308486.0,19.46038354781731,0.9938808983093615,108.47422680412372,-0.16695258970804738,False,YELLOW: Hybrid Center,Stable in current zone
Rajasthan,Beawar,1.0,518.0,259.0,0.5,1.0,5.352446357844275,True,RED: Express Update Hub,Stable RED zone - long-term update demand
Rajasthan,Bharatpur,17054.0,246218.0,14.436704778657285,0.9896804456171211,58.15909090909091,-0.2827066671421567,False,GREEN: Enrolment Van,Stable in current zone
Rajasthan,Bhilwara,11083.0,217758.0,19.646156622158067,0.9833994947672321,42.744565217391305,-0.1626720630620318,False,YELLOW: Hybrid Center,Stable in current zone
Rajasthan,Bikaner,13283.0,212523.0,15.998419150858176,0.9849442938873834,37.32,-0.24672211982606118,False,YELLOW: Hybrid Center,Stable in current zone
Rajasthan,Bundi,4872.0,111558.0,22.893084342294273,0.9743484506464191,27.312,-0.08785734261316744,False,YELLOW: Hybrid Center,Stable in current zone
Rajasthan,Chittaurgarh,357.0,4303.0,12.019553072625698,0.994413407821229,143.0,-0.33840194118467914,False,GREEN: Enrolment Van,Stable in current zone
Rajasthan,Chittorgarh,5986.0,124422.0,20.782027726741273,0.9784533155169534,28.666666666666668,-0.13649966672923924,False,YELLOW: Hybrid Center,Stable in current zone
Rajasthan,Churu,12780.0,209321.0,16.37751349659651,0.9874031765902511,48.993788819875775,-0.23798714327445233,False,YELLOW: Hybrid Center,Stable in current zone
Rajasthan,Dausa,6133.0,156597.0,25.52934463645256,0.9918487120965113,85.54,-0.0271134351603648,False,YELLOW: Hybrid Center,Will transition to RED within 2-3 years
Rajasthan,Deeg,61.0,390.0,6.290322580645161,0.7903225806451613,1.0,-0.4704131267082832,False,GREEN: Enrolment Van,Stable in current zone
Rajasthan,Deeg ,8.0,1067.0,118.55555555555556,0.8888888888888888,1.0,2.116368207861189,False,RED: Express Update Hub,Stable RED zone - long-term update demand
Rajasthan,Dhaulpur,139.0,888.0,6.3428571428571425,0.9928571428571429,93.0,-0.46920264131268347,False,GREEN: Enrolment Van,Stable in current zone
Rajasthan,Dholpur,8580.0,151972.0,17.710290175970165,0.9824029833352756,37.87417218543046,-0.2072777086080339,False,YELLOW: Hybrid Center,Stable in current zone
Rajasthan,Didwana-Kuchaman,2.0,728.0,242.66666666666666,0.6666666666666666,2.0,4.976098661604153,True,RED: Express Update Hub,Stable RED zone - long-term update demand
Rajasthan,Dungarpur,6571.0,181866.0,27.672854534388314,0.9917833231892879,71.64814814814815,0.02227666761245269,False,YELLOW: Hybrid Center,Will transition to RED within 2-3 years
Rajasthan,Ganganagar,5504.0,171746.0,31.198183469573117,0.992188919164396,97.34883720930233,0.10350622413768377,False,YELLOW: Hybrid Center,Will transition to RED within 2-3 years
Rajasthan,Hanumangarh,4940.0,173870.0,35.18923294879579,0.9914996964177292,86.38095238095238,0.1954667717143648,False,YELLOW: Hybrid Center,Will transition to RED within 2-3 years
Rajasthan,Jaipur,31146.0,631224.0,20.265964619385496,0.9764022217227983,29.164625850340137,-0.1483906358048228,False,YELLOW: Hybrid Center,Stable in current zone
Rajasthan,Jaisalmer,2854.0,66361.0,23.243782837127846,0.9817863397548161,32.36538461538461,-0.07977665461691275,False,YELLOW: Hybrid Center,Stable in current zone
Rajasthan,Jalor,13991.0,166476.0,11.89794168096055,0.9832046883933676,33.54042553191489,-0.34120407386364243,False,GREEN: Enrolment Van,Stable in current zone
Rajasthan,Jalore,494.0,1056.0,2.1333333333333333,0.9717171717171718,21.285714285714285,-0.5661972079238401,False,GREEN: Enrolment Van,Stable in current zone
Rajasthan,Jhalawar,7036.0,161204.0,22.908057410828476,0.9918999573681967,87.33333333333333,-0.08751233772448419,False,YELLOW: Hybrid Center,Stable in current zone
Rajasthan,Jhunjhunu,311.0,4683.0,15.009615384615385,0.9967948717948718,210.0,-0.26950583530314465,False,YELLOW: Hybrid Center,Stable in current zone
Rajasthan,Jhunjhunun,7611.0,165044.0,21.68208092485549,0.9885706778770362,66.08045977011494,-0.11576091483512661,False,YELLOW: Hybrid Center,Stable in current zone
Rajasthan,Jodhpur,22215.0,359003.0,16.15965970471732,0.95818329132157,15.67599569429494,-0.2430068640514467,False,YELLOW: Hybrid Center,Stable in current zone
Rajasthan,Karauli,8636.0,139417.0,16.14183165450967,0.9872640963297441,53.24545454545454,-0.24341765255904482,False,YELLOW: Hybrid Center,Stable in current zone
Rajasthan,Khairthal-Tijara,0.0,1072.0,1072.0,,,24.085344952327056,True,RED: Express Update Hub,Stable RED zone - long-term update demand
Rajasthan,Kota,7525.0,186420.0,24.770130215253786,0.9860483656656923,52.80952380952381,-0.0446070228156976,False,YELLOW: Hybrid Center,Stable in current zone
Rajasthan,Kotputli-Behror,0.0,536.0,536.0,,,11.73499606346756,True,RED: Express Update Hub,Stable RED zone - long-term update demand
Rajasthan,Nagaur,17267.0,308795.0,17.88249942089414,0.9878966875144777,55.588516746411486,-0.20330971559180605,False,YELLOW: Hybrid Center,Stable in current zone
Rajasthan,Pali,9114.0,222247.0,24.382556226001096,0.9869445968184312,52.94117647058823,-0.05353738473270843,False,YELLOW: Hybrid Center,Stable in current zone
Rajasthan,Phalodi,0.0,206.0,206.0,,,4.131236486371227,True,RED: Express Update Hub,Stable RED zone - long-term update demand
Rajasthan,Pratapgarh,3794.0,104843.0,27.6266139657444,0.9949934123847167,139.10526315789474,0.02121120650131167,False,YELLOW: Hybrid Center,Will transition to RED within 2-3 years
Rajasthan,Rajsamand,4512.0,109132.0,24.181697318856635,0.9933525371150012,102.6,-0.05816551454738964,False,YELLOW: Hybrid Center,Stable in current zone
Rajasthan,Salumbar,1.0,214.0,107.0,0.5,1.0,1.8501086132423277,False,RED: Express Update Hub,Stable RED zone - long-term update demand
Rajasthan,Sawai Madhopur,6744.0,126577.0,18.766048925129727,0.9871015567086731,52.58620689655172,-0.18295123678977554,False,YELLOW: Hybrid Center,Stable in current zone
Rajasthan,Sikar,11400.0,239950.0,21.046399438645732,0.9844750460485923,46.11864406779661,-0.13040809419497595,False,YELLOW: Hybrid Center,Stable in current zone
Rajasthan,Sirohi,10732.0,111443.0,10.38321065871611,0.9645951737631604,14.473684210526315,-0.3761060451276306,False,GREEN: Enrolment Van,Stable in current zone
Rajasthan,Tonk,5915.0,136551.0,23.081643002028397,0.9895199459093983,67.70967741935483,-0.08351263135620443,False,YELLOW: Hybrid Center,Stable in current zone
Rajasthan,Udaipur,14906.0,307270.0,20.612463943113973,0.9870530623197156,44.7720207253886,-0.14040670383131432,False,YELLOW: Hybrid Center,Stable in current zone
Sikkim,East,370.0,11390.0,30.700808625336926,0.9919137466307277,71.66666666666667,0.09204586433384215,False,YELLOW: Hybrid Center,Will transition to RED within 2-3 years
Sikkim,East Sikkim,339.0,7602.0,22.358823529411765,0.9411764705882353,9.2,-0.10016761768172089,False,YELLOW: Hybrid Center,Stable in current zone
Sikkim,Mangan,3.0,67.0,16.75,0.5,0.0,-0.22940442261507835,False,YELLOW: Hybrid Center,Stable in current zone
Sikkim,Namchi,24.0,287.0,11.48,0.4,0.2,-0.35083415889173797,False,GREEN: Enrolment Van,Stable in current zone
Sikkim,North,44.0,750.0,16.666666666666668,0.9777777777777777,34.0,-0.23132456392242587,False,YELLOW: Hybrid Center,Stable in current zone
Sikkim,North Sikkim,62.0,1364.0,21.650793650793652,0.9841269841269841,45.0,-0.1164818266829719,False,YELLOW: Hybrid Center,Stable in current zone
Sikkim,South,197.0,6789.0,34.28787878787879,0.98989898989899,44.0,0.17469804343124878,False,YELLOW: Hybrid Center,Will transition to RED within 2-3 years
Sikkim,South Sikkim,459.0,3462.0,7.526086956521739,0.9434782608695652,7.1923076923076925,-0.4419390200170529,False,GREEN: Enrolment Van,Stable in current zone
Sikkim,West,208.0,6137.0,29.363636363636363,0.9712918660287081,15.333333333333334,0.06123514799707484,False,YELLOW: Hybrid Center,Will transition to RED within 2-3 years
Sikkim,West Sikkim,501.0,5312.0,10.581673306772908,0.9203187250996016,5.15,-0.37153312918563725,False,GREEN: Enrolment Van,Stable in current zone
Tamil Nadu,Ariyalur,2412.0,100824.0,41.78367177786987,0.9664318276004973,23.790123456790123,0.34741382444814645,False,YELLOW: Hybrid Center,Will transition to RED within 2-3 years
Tamil Nadu,Chengalpattu,1253.0,27781.0,22.15390749601276,0.9417862838915471,11.808219178082192,-0.10488923056492779,False,YELLOW: Hybrid Center,Stable in current zone
Tamil Nadu,Chennai,10043.0,381398.0,37.972720031859815,0.9801871764237355,38.62311557788945,0.25960303403428,False,YELLOW: Hybrid Center,Will transition to RED within 2-3 years
Tamil Nadu,Coimbatore,8986.0,337460.0,37.549794147101366,0.9951040391676866,162.25,0.24985810449902543,False,YELLOW: Hybrid Center,Will transition to RED within 2-3 years
Tamil Nadu,Cuddalore,8630.0,249700.0,28.930599003591706,0.9947862356621481,166.51111111111112,0.051257232925317024,False,YELLOW: Hybrid Center,Will transition to RED within 2-3 years
Tamil Nadu,Dharmapuri,5739.0,146238.0,25.47700348432056,0.9914634146341463,98.77551020408163,-0.028319464059758624,False,YELLOW: Hybrid Center,Will transition to RED within 2-3 years
Tamil Nadu,Dindigul,6083.0,243700.0,40.055884286653516,0.9978632478632479,359.84615384615387,0.30760267086171134,False,YELLOW: Hybrid Center,Will transition to RED within 2-3 years
Tamil Nadu,Erode,6017.0,215904.0,35.876370887337984,0.9985044865403788,551.5555555555555,0.21129959499005097,False,YELLOW: Hybrid Center,Will transition to RED within 2-3 years
Tamil Nadu,Kallakurichi,1064.0,15608.0,14.655399061032863,0.9633802816901409,22.487179487179485,-0.27766758003891573,False,GREEN: Enrolment Van,Stable in current zone
Tamil Nadu,Kancheepuram,13050.0,375212.0,28.749674354455596,0.9947896712895563,141.60294117647058,0.047088422217433736,False,YELLOW: Hybrid Center,Will transition to RED within 2-3 years
Tamil Nadu,Kanchipuram,387.0,17.0,0.04381443298969072,0.9432989690721649,12.590909090909092,-0.6143432665602394,False,GREEN: Enrolment Van,Stable in current zone
Tamil Nadu,Kanniyakumari,2275.0,108110.0,47.5,0.9991212653778558,1069.5,0.4791277197961708,False,YELLOW: Hybrid Center,Will transition to RED within 2-3 years
Tamil Nadu,Kanyakumari,2005.0,50444.0,25.146560319042873,0.9910269192422732,105.33333333333333,-0.03593343491632295,False,YELLOW: Hybrid Center,Will transition to RED within 2-3 years
Tamil Nadu,Karur,4019.0,85151.0,21.1818407960199,0.9990049751243781,840.5,-0.12728729565476757,False,YELLOW: Hybrid Center,Stable in current zone
Tamil Nadu,Krishnagiri,5075.0,182712.0,35.995271867612296,0.99822695035461,461.8888888888889,0.21403927519455684,False,YELLOW: Hybrid Center,Will transition to RED within 2-3 years
Tamil Nadu,Madurai,9938.0,319850.0,32.18130596639501,0.9959754502465037,221.875,0.12615903353364838,False,YELLOW: Hybrid Center,Will transition to RED within 2-3 years
Tamil Nadu,Mayiladuthurai,502.0,7911.0,15.727634194831014,0.9960238568588469,218.5,-0.25296146437977374,False,YELLOW: Hybrid Center,Stable in current zone
Tamil Nadu,Nagapattinam,4047.0,118706.0,29.324604743083004,0.9997529644268774,3315.0,0.060335793274068183,False,YELLOW: Hybrid Center,Will transition to RED within 2-3 years
Tamil Nadu,Namakkal,4872.0,166807.0,34.230863944182225,0.9979478760517135,425.7,0.17338432475308396,False,YELLOW: Hybrid Center,Will transition to RED within 2-3 years
Tamil Nadu,Namakkal   *,1.0,0.0,0.0,0.5,0.0,-0.6153528253919376,False,GREEN: Enrolment Van,Stable in current zone
Tamil Nadu,Perambalur,2130.0,72698.0,34.11450023463163,0.999530736743313,1898.0,0.1707031075684724,False,YELLOW: Hybrid Center,Will transition to RED within 2-3 years
Tamil Nadu,Pudukkottai,7045.0,182363.0,25.881776894692024,0.9947487936417826,144.2972972972973,-0.018992798315316282,False,YELLOW: Hybrid Center,Will transition to RED within 2-3 years
Tamil Nadu,Ramanathapuram,4005.0,138710.0,34.62556165751373,0.9890164752870694,75.4090909090909,0.18247882935248527,False,YELLOW: Hybrid Center,Will transition to RED within 2-3 years
Tamil Nadu,Ranipet,111.0,2027.0,18.098214285714285,0.9821428571428571,48.5,-0.19833927932120538,False,YELLOW: Hybrid Center,Stable in current zone
Tamil Nadu,Salem,10249.0,347015.0,33.85512195121951,0.9780487804878049,37.40888888888889,0.16472659209397028,False,YELLOW: Hybrid Center,Will transition to RED within 2-3 years
Tamil Nadu,Sivaganga,4446.0,129486.0,29.11760737575894,0.9950528446143467,170.0,0.055566222927934616,False,YELLOW: Hybrid Center,Will transition to RED within 2-3 years
Tamil Nadu,Tenkasi,1268.0,20223.0,15.936170212765957,0.9992119779353822,1150.0,-0.24815644091449388,False,YELLOW: Hybrid Center,Stable in current zone
Tamil Nadu,Thanjavur,7372.0,246402.0,33.419503594195035,0.9971517699715177,280.04761904761904,0.15468920647523143,False,YELLOW: Hybrid Center,Will transition to RED within 2-3 years
Tamil Nadu,The Nilgiris,1714.0,59377.0,34.62215743440233,0.9965014577259476,213.16666666666666,0.18240039027949786,False,YELLOW: Hybrid Center,Will transition to RED within 2-3 years
Tamil Nadu,Theni,3473.0,125498.0,36.124928036845134,0.9991364421416234,969.3333333333334,0.21702677319011385,False,YELLOW: Hybrid Center,Will transition to RED within 2-3 years
Tamil Nadu,Thiruvallur,605.0,4720.0,7.788778877887789,0.9818481848184818,41.90909090909091,-0.4358861527051955,False,GREEN: Enrolment Van,Stable in current zone
Tamil Nadu,Thiruvarur,4165.0,110579.0,26.543206913106097,0.9990398463754201,836.5,-0.003752329111998063,False,YELLOW: Hybrid Center,Will transition to RED within 2-3 years
Tamil Nadu,Thoothukkudi,5319.0,184556.0,34.69097744360902,0.9992481203007518,1109.75,0.1839861199888955,False,YELLOW: Hybrid Center,Will transition to RED within 2-3 years
Tamil Nadu,Tiruchirappalli,9932.0,267251.0,26.90536595187758,0.9993959528843249,1399.3333333333333,0.004592429250094885,False,YELLOW: Hybrid Center,Will transition to RED within 2-3 years
Tamil Nadu,Tirunelveli,9675.0,294663.0,30.452976436544027,0.9996899545266639,2767.6666666666665,0.08633539045794292,False,YELLOW: Hybrid Center,Will transition to RED within 2-3 years
Tamil Nadu,Tirupathur,4.0,152.0,30.4,0.8,4.0,0.08511472352845173,False,YELLOW: Hybrid Center,Will transition to RED within 2-3 years
Tamil Nadu,Tirupattur,1048.0,21463.0,20.4604385128694,0.9971401334604385,314.6666666666667,-0.143909627531873,False,YELLOW: Hybrid Center,Stable in current zone
Tamil Nadu,Tiruppur,6192.0,234718.0,37.90053285968028,0.9990311642176651,846.3333333333334,0.2579397191803296,False,YELLOW: Hybrid Center,Will transition to RED within 2-3 years
Tamil Nadu,Tiruvallur,11435.0,386201.0,33.770636586218956,0.9948408534452606,147.66101694915255,0.1627799060235235,False,YELLOW: Hybrid Center,Will transition to RED within 2-3 years
Tamil Nadu,Tiruvannamalai,7266.0,206673.0,28.439933947984038,0.9953213155359846,192.8235294117647,0.03995147802918579,False,YELLOW: Hybrid Center,Will transition to RED within 2-3 years
Tamil Nadu,Tiruvarur,1.0,5.0,2.5,0.5,1.0,-0.5577485861715109,False,GREEN: Enrolment Van,Stable in current zone
Tamil Nadu,Tuticorin,2.0,10.0,3.3333333333333335,0.6666666666666666,1.0,-0.5385471730980353,False,GREEN: Enrolment Van,Stable in current zone
Tamil Nadu,Vellore,9633.0,281203.0,29.188602864853642,0.9943948515673656,153.16666666666666,0.057202079382887586,False,YELLOW: Hybrid Center,Will transition to RED within 2-3 years
Tamil Nadu,Villupuram,6772.0,160829.0,23.745607559427135,0.9994094197549092,1463.5,-0.06821376207689174,False,YELLOW: Hybrid Center,Stable in current zone
Tamil Nadu,Viluppuram,5122.0,121254.0,23.668553581885615,0.999804801873902,4341.0,-0.0699892163789666,False,YELLOW: Hybrid Center,Stable in current zone
Tamil Nadu,Virudhunagar,5407.0,178736.0,33.05029585798817,0.9977810650887574,397.4166666666667,0.1461820341718344,False,YELLOW: Hybrid Center,Will transition to RED within 2-3 years
Tamilnadu,Chennai,0.0,1.0,1.0,,,-0.592311129703767,False,GREEN: Enrolment Van,Stable in current zone
Telangana,Adilabad,2987.0,126293.0,42.26673360107095,0.998661311914324,629.25,0.35854438797691873,False,YELLOW: Hybrid Center,Will transition to RED within 2-3 years
Telangana,Bhadradri Kothagudem,3211.0,55332.0,17.2266500622665,0.987546699875467,62.25,-0.21842159693058602,False,YELLOW: Hybrid Center,Stable in current zone
Telangana,Hanumakonda,1030.0,27992.0,27.150339476236663,0.9941804073714839,152.66666666666666,0.010237034650035531,False,YELLOW: Hybrid Center,Will transition to RED within 2-3 years
Telangana,Hyderabad,25990.0,444998.0,17.121234273402333,0.9742218460236236,29.434328358208955,-0.22085055545832263,False,YELLOW: Hybrid Center,Stable in current zone
Telangana,Jagitial,1595.0,27044.0,16.94486215538847,0.993734335839599,148.8,-0.22491446812947619,False,YELLOW: Hybrid Center,Stable in current zone
Telangana,Jangaon,81.0,1082.0,13.195121951219512,0.9878048780487805,66.0,-0.3113148408236364,False,GREEN: Enrolment Van,Stable in current zone
Telangana,Jangoan,1022.0,24179.0,23.635386119257088,0.9990224828934506,892.0,-0.07075345095960188,False,YELLOW: Hybrid Center,Stable in current zone
Telangana,Jayashankar Bhupalpally,847.0,20829.0,24.5625,0.9941037735849056,134.0,-0.049391175051244726,False,YELLOW: Hybrid Center,Stable in current zone
Telangana,Jogulamba Gadwal,1844.0,44906.0,24.33929539295393,0.9983739837398374,514.3333333333334,-0.05453418768299802,False,YELLOW: Hybrid Center,Stable in current zone
Telangana,K.v. Rangareddy,17409.0,445911.0,25.61234922458357,0.9905226881102814,82.2060606060606,-0.025200868699928092,False,YELLOW: Hybrid Center,Will transition to RED within 2-3 years
Telangana,Kamareddy,2008.0,39686.0,19.754106520657043,0.9985067197610752,620.6666666666666,-0.16018471435124945,False,YELLOW: Hybrid Center,Stable in current zone
Telangana,Karimnagar,5808.0,213871.0,36.817180237562404,0.9986228266483044,639.375,0.23297743773850765,False,YELLOW: Hybrid Center,Will transition to RED within 2-3 years
Telangana,Khammam,3888.0,115978.0,29.82206222679352,0.9974286448958601,280.0,0.07179805723152903,False,YELLOW: Hybrid Center,Will transition to RED within 2-3 years
Telangana,Komaram Bheem,1106.0,37135.0,33.54561878952123,0.999096657633243,917.0,0.1575951144275918,False,YELLOW: Hybrid Center,Will transition to RED within 2-3 years
Telangana,Mahabubabad,1503.0,33590.0,22.33377659574468,0.9986702127659575,624.5,-0.10074474150519964,False,YELLOW: Hybrid Center,Stable in current zone
Telangana,Mahabubnagar,10168.0,291475.0,28.663093716196283,0.9983282525322057,452.29411764705884,0.045093457498175046,False,YELLOW: Hybrid Center,Will transition to RED within 2-3 years
Telangana,Mancherial,1094.0,39532.0,36.10228310502283,0.9981735159817352,462.0,0.2165049955621849,False,YELLOW: Hybrid Center,Will transition to RED within 2-3 years
Telangana,Medak,7544.0,181635.0,24.073558648111334,0.9989396951623591,769.75,-0.06065721289082616,False,YELLOW: Hybrid Center,Stable in current zone
Telangana,Medchal Malkajgiri,704.0,0.0,0.0,0.9560283687943263,13.193548387096774,-0.6153528253919376,False,GREEN: Enrolment Van,Stable in current zone
Telangana,Medchal-malkajgiri,4070.0,115382.0,28.342422009334317,0.9737165315647262,28.635514018691588,0.037704637612855356,False,YELLOW: Hybrid Center,Will transition to RED within 2-3 years
Telangana,Medchal?malkajgiri,2.0,1206.0,402.0,0.6666666666666666,1.0,8.647408841252686,True,RED: Express Update Hub,Stable RED zone - long-term update demand
Telangana,Medchalâmalkajgiri,0.0,1.0,1.0,,,-0.592311129703767,False,GREEN: Enrolment Van,Stable in current zone
Telangana,Medchal−malkajgiri,535.0,6290.0,11.735074626865671,0.9944029850746269,148.33333333333334,-0.3449568069617255,False,GREEN: Enrolment Van,Stable in current zone
Telangana,Mulugu,937.0,17085.0,18.214285714285715,0.9946695095948828,140.0,-0.19566479678597123,False,YELLOW: Hybrid Center,Stable in current zone
Telangana,Nagarkurnool,1361.0,32624.0,23.953010279001468,0.9977973568281938,359.0,-0.06343485172756096,False,YELLOW: Hybrid Center,Stable in current zone
Telangana,Nalgonda,6661.0,215430.0,32.33713599519664,0.9983488441909336,491.3636363636364,0.12974962163637443,False,YELLOW: Hybrid Center,Will transition to RED within 2-3 years
Telangana,Narayanpet,1310.0,23019.0,17.558352402745996,0.996186117467582,216.4,-0.2107786125422035,False,YELLOW: Hybrid Center,Stable in current zone
Telangana,Nirmal,1401.0,47170.0,33.64479315263909,0.9971469329529244,323.0,0.15988025992262167,False,YELLOW: Hybrid Center,Will transition to RED within 2-3 years
Telangana,Nizamabad,6577.0,184171.0,27.99802371541502,0.9984797810884768,598.5,0.029769116928841727,False,YELLOW: Hybrid Center,Will transition to RED within 2-3 years
Telangana,Peddapalli,588.0,16354.0,27.765704584040748,0.9932088285229203,128.25,0.024416090201175605,False,YELLOW: Hybrid Center,Will transition to RED within 2-3 years
Telangana,Rajanna Sircilla,888.0,19250.0,21.653543307086615,0.9955005624296963,208.5,-0.11641846993942238,False,YELLOW: Hybrid Center,Stable in current zone
Telangana,Ranga Reddy,284.0,0.0,0.0,0.9614035087719298,16.454545454545453,-0.6153528253919376,False,GREEN: Enrolment Van,Stable in current zone
Telangana,Rangareddy,300.0,8348.0,27.73421926910299,0.9900332225913622,79.0,0.023690615155733577,False,YELLOW: Hybrid Center,Will transition to RED within 2-3 years
Telangana,Sangareddy,2703.0,59367.0,21.95525147928994,0.9955621301775148,185.33333333333334,-0.10946660204887912,False,YELLOW: Hybrid Center,Stable in current zone
Telangana,Siddipet,1876.0,52170.0,27.794352690463505,0.9989344698987747,850.5,0.025076191151411107,False,YELLOW: Hybrid Center,Will transition to RED within 2-3 years
Telangana,Suryapet,2042.0,65882.0,32.24767498776309,0.9985315712187959,581.0,0.12768828832713341,False,YELLOW: Hybrid Center,Will transition to RED within 2-3 years
Telangana,Vikarabad,2593.0,74772.0,28.824980724749423,0.9988434849653045,695.0,0.048823608685124795,False,YELLOW: Hybrid Center,Will transition to RED within 2-3 years
Telangana,Wanaparthy,1667.0,35154.0,21.075539568345324,0.999400479616307,1266.0,-0.12973665619412414,False,YELLOW: Hybrid Center,Stable in current zone
Telangana,Warangal,2952.0,120711.0,40.87741280054182,0.9996613613274636,2462.0,0.3265320808778807,False,YELLOW: Hybrid Center,Will transition to RED within 2-3 years
Telangana,Warangal (urban),7.0,132.0,16.5,0.875,6.0,-0.23516484653712103,False,YELLOW: Hybrid Center,Stable in current zone
Telangana,Warangal Rural,732.0,24869.0,33.92769440654843,0.9959072305593452,220.0,0.1663987845250027,False,YELLOW: Hybrid Center,Will transition to RED within 2-3 years
Telangana,Warangal Urban,663.0,24161.0,36.38704819277108,0.9894578313253012,83.57142857142857,0.22306646605669542,False,YELLOW: Hybrid Center,Will transition to RED within 2-3 years
Telangana,Yadadri.,1586.0,52546.0,33.11027095148078,0.9987397605545053,690.0,0.14756396202496072,False,YELLOW: Hybrid Center,Will transition to RED within 2-3 years
The Dadra And Nagar Haveli And Daman And Diu,Dadra And Nagar Haveli,716.0,0.0,0.0,0.9609483960948396,19.571428571428573,-0.6153528253919376,False,GREEN: Enrolment Van,Stable in current zone
Tripura,Dhalai,1420.0,50393.0,35.46305418719212,0.9739619985925405,21.0,0.2017760773624511,False,YELLOW: Hybrid Center,Will transition to RED within 2-3 years
Tripura,Dhalai  *,32.0,1039.0,31.484848484848484,0.9696969696969697,28.0,0.11011147218410361,False,YELLOW: Hybrid Center,Will transition to RED within 2-3 years
Tripura,Gomati,679.0,24463.0,35.975,0.9823529411764705,38.666666666666664,0.21357217699000347,False,YELLOW: Hybrid Center,Will transition to RED within 2-3 years
Tripura,Khowai,339.0,12677.0,37.28529411764706,0.8676470588235294,4.355555555555555,0.24376357531082718,False,YELLOW: Hybrid Center,Will transition to RED within 2-3 years
Tripura,North Tripura,1488.0,62429.0,41.9267965077233,0.9818670248488919,38.74074074074074,0.3507116609188809,False,YELLOW: Hybrid Center,Will transition to RED within 2-3 years
Tripura,Sepahijala,1728.0,34950.0,20.213996529786005,0.9820705610179294,36.16129032258065,-0.14958806871086988,False,YELLOW: Hybrid Center,Stable in current zone
Tripura,South Tripura,2158.0,88235.0,40.86845761926818,0.9967577582213988,192.57142857142858,0.3263257383161411,False,YELLOW: Hybrid Center,Will transition to RED within 2-3 years
Tripura,Unakoti,639.0,19376.0,30.275,0.95625,15.464285714285714,0.08223451156743039,False,YELLOW: Hybrid Center,Will transition to RED within 2-3 years
Tripura,West Tripura,2802.0,136606.0,48.735640385301465,0.9728861933642526,25.82894736842105,0.5075989695343012,False,YELLOW: Hybrid Center,Will transition to RED within 2-3 years
Uttar Pradesh,Agra,29910.0,411001.0,13.740797699842867,0.969710140082244,18.00662251655629,-0.2987415462794423,False,GREEN: Enrolment Van,Stable in current zone
Uttar Pradesh,Aligarh,26192.0,385962.0,14.735310960943764,0.9775894322910701,23.56047700170358,-0.2758262743593052,False,GREEN: Enrolment Van,Stable in current zone
Uttar Pradesh,Allahabad,13249.0,445205.0,33.60037735849057,0.9962264150943396,145.08,0.15885684471010306,False,YELLOW: Hybrid Center,Will transition to RED within 2-3 years
Uttar Pradesh,Ambedkar Nagar,8002.0,162976.0,20.364363363738597,0.9936273897288517,75.6078431372549,-0.14612336188134054,False,YELLOW: Hybrid Center,Stable in current zone
Uttar Pradesh,Amethi,7197.0,169551.0,23.555293136982495,0.9920811336482356,68.24561403508773,-0.0725989290839311,False,YELLOW: Hybrid Center,Stable in current zone
Uttar Pradesh,Amroha,8142.0,182974.0,22.470097015841827,0.9923860984895002,90.40322580645162,-0.09760368786923762,False,YELLOW: Hybrid Center,Stable in current zone
Uttar Pradesh,Auraiya,3733.0,114980.0,30.79271558650241,0.9951794322442421,120.5,0.09416355656464179,False,YELLOW: Hybrid Center,Will transition to RED within 2-3 years
Uttar Pradesh,Auraiya *,0.0,1.0,1.0,,,-0.592311129703767,False,GREEN: Enrolment Van,Stable in current zone
Uttar Pradesh,Ayodhya,1693.0,22668.0,13.381345926800472,0.9805194805194806,31.12121212121212,-0.30702392464845857,False,GREEN: Enrolment Van,Stable in current zone
Uttar Pradesh,Azamgarh,20573.0,333187.0,16.19456595703315,0.9863905900651307,23.989285714285714,-0.24220256480797087,False,YELLOW: Hybrid Center,Stable in current zone
Uttar Pradesh,Baghpat,6839.0,112937.0,16.51125730994152,0.9773391812865497,22.46451612903226,-0.2349054590271811,False,YELLOW: Hybrid Center,Stable in current zone
Uttar Pradesh,Baghpat *,0.0,3.0,3.0,,,-0.5462277383274255,False,GREEN: Enrolment Van,Stable in current zone
Uttar Pradesh,Bagpat,1.0,18.0,9.0,0.5,0.0,-0.4079775641984013,False,GREEN: Enrolment Van,Stable in current zone
Uttar Pradesh,Bahraich,39338.0,310775.0,7.899921197793538,0.9414067464856758,6.366160520607376,-0.4333252451918499,False,GREEN: Enrolment Van,Stable in current zone
Uttar Pradesh,Ballia,9976.0,237953.0,23.85015535732184,0.9961912398516588,107.34210526315789,-0.06580480353293361,False,YELLOW: Hybrid Center,Stable in current zone
Uttar Pradesh,Balrampur,12324.0,180188.0,14.619716024340772,0.9807707910750507,17.641350210970465,-0.2784897777116047,False,GREEN: Enrolment Van,Stable in current zone
Uttar Pradesh,Banda,10591.0,161926.0,15.287575528700906,0.9807401812688822,23.651960784313726,-0.263101162249686,False,YELLOW: Hybrid Center,Stable in current zone
Uttar Pradesh,Bara Banki,9086.0,275209.0,30.286012985583803,0.9897655992076593,62.10752688172043,0.08248826942987061,False,YELLOW: Hybrid Center,Will transition to RED within 2-3 years
Uttar Pradesh,Barabanki,2375.0,9184.0,3.8653198653198655,0.9776936026936027,26.433962264150942,-0.5262893013177964,False,GREEN: Enrolment Van,Stable in current zone
Uttar Pradesh,Bareilly,27811.0,476550.0,17.13469006184381,0.9781389328347476,28.268092105263158,-0.22054051127580973,False,YELLOW: Hybrid Center,Stable in current zone
Uttar Pradesh,Basti,10119.0,194011.0,19.17104743083004,0.99199604743083,59.54320987654321,-0.17361938446726505,False,YELLOW: Hybrid Center,Stable in current zone
Uttar Pradesh,Bhadohi,546.0,18320.0,33.49177330895795,0.9908592321755028,53.0,0.1563544232502695,False,YELLOW: Hybrid Center,Will transition to RED within 2-3 years
Uttar Pradesh,Bijnor,16851.0,443907.0,26.34150249228578,0.9956088298124852,174.7972972972973,-0.008399940995498524,False,YELLOW: Hybrid Center,Will transition to RED within 2-3 years
Uttar Pradesh,Budaun,15529.0,281657.0,18.136316806181583,0.9774629748873149,22.208571428571428,-0.1974613326396456,False,YELLOW: Hybrid Center,Stable in current zone
Uttar Pradesh,Bulandshahar,185.0,883.0,4.747311827956989,0.9946236559139785,115.0,-0.5059667109152993,False,GREEN: Enrolment Van,Stable in current zone
Uttar Pradesh,Bulandshahr,16885.0,355589.0,21.058213905010067,0.9875636622053773,43.595238095238095,-0.1301358688562908,False,YELLOW: Hybrid Center,Stable in current zone
Uttar Pradesh,Chandauli,9566.0,184147.0,19.24814466394899,0.9816034284519704,25.02840909090909,-0.1718429334833382,False,YELLOW: Hybrid Center,Stable in current zone
Uttar Pradesh,Chandauli *,0.0,2.0,2.0,,,-0.5692694340155963,False,GREEN: Enrolment Van,Stable in current zone
Uttar Pradesh,Chitrakoot,5401.0,107278.0,19.858941132913735,0.9972232506479082,196.73333333333332,-0.1577691471180434,False,YELLOW: Hybrid Center,Stable in current zone
Uttar Pradesh,Chitrakoot *,0.0,1.0,1.0,,,-0.592311129703767,False,GREEN: Enrolment Van,Stable in current zone
Uttar Pradesh,Deoria,10257.0,247864.0,24.16299473581595,0.9887892376681614,40.869565217391305,-0.05859645377439585,False,YELLOW: Hybrid Center,Stable in current zone
Uttar Pradesh,Etah,11264.0,149320.0,13.255215268530847,0.9857967154904572,42.25,-0.30993018889325596,False,GREEN: Enrolment Van,Stable in current zone
Uttar Pradesh,Etawah,7154.0,141175.0,19.730957372466808,0.9836477987421384,35.666666666666664,-0.16071810997928923,False,YELLOW: Hybrid Center,Stable in current zone
Uttar Pradesh,Faizabad,6926.0,164895.0,23.804677349501947,0.9994225494442038,1013.0,-0.0668526939496238,False,YELLOW: Hybrid Center,Stable in current zone
Uttar Pradesh,Farrukhabad,5870.0,147334.0,25.095213762561745,0.9858627150400272,34.265060240963855,-0.037116546645396584,False,YELLOW: Hybrid Center,Will transition to RED within 2-3 years
Uttar Pradesh,Fatehpur,12333.0,225034.0,18.245013783038754,0.9816766661261553,28.876106194690266,-0.19495676997667852,False,YELLOW: Hybrid Center,Stable in current zone
Uttar Pradesh,Firozabad,12300.0,252968.0,20.564832127469312,0.9898382245345907,58.0,-0.14150422163247361,False,YELLOW: Hybrid Center,Stable in current zone
Uttar Pradesh,Gautam Buddha Nagar,18957.0,243430.0,12.840489503112142,0.9663466610401941,14.109717868338558,-0.3194861737740774,False,GREEN: Enrolment Van,Stable in current zone
Uttar Pradesh,Gautam Buddha Nagar *,0.0,2.0,2.0,,,-0.5692694340155963,False,GREEN: Enrolment Van,Stable in current zone
Uttar Pradesh,Ghaziabad,23070.0,431783.0,18.715400286073425,0.9829222833860691,30.416243654822335,-0.18411826731793085,False,YELLOW: Hybrid Center,Stable in current zone
Uttar Pradesh,Ghazipur,11288.0,273532.0,24.22995836655151,0.9936221100186022,60.041666666666664,-0.05705349817281202,False,YELLOW: Hybrid Center,Stable in current zone
Uttar Pradesh,Gonda,15267.0,277991.0,18.207427298925857,0.978451663610165,22.62917933130699,-0.19582282630559614,False,YELLOW: Hybrid Center,Stable in current zone
Uttar Pradesh,Gorakhpur,19969.0,337029.0,16.87676514772158,0.9786680020030045,17.497652582159624,-0.22648353865741166,False,YELLOW: Hybrid Center,Stable in current zone
Uttar Pradesh,Hamirpur,3465.0,97127.0,28.022792844777843,0.9919215233698788,72.85714285714286,0.030339839670080842,False,YELLOW: Hybrid Center,Will transition to RED within 2-3 years
Uttar Pradesh,Hapur,7262.0,101037.0,13.911193721602643,0.9942172655927303,105.95238095238095,-0.2948153329995786,False,GREEN: Enrolment Van,Stable in current zone
Uttar Pradesh,Hardoi,25193.0,349048.0,13.854409780106375,0.987576407081051,40.22683706070288,-0.2961237312995106,False,GREEN: Enrolment Van,Stable in current zone
Uttar Pradesh,Hathras,6493.0,141062.0,21.721897135817677,0.9872189713581768,45.963855421686745,-0.1148434818186799,False,YELLOW: Hybrid Center,Stable in current zone
Uttar Pradesh,Jalaun,5557.0,135355.0,24.35318459877654,0.9773299748110831,22.150793650793652,-0.054214156829083045,False,YELLOW: Hybrid Center,Stable in current zone
Uttar Pradesh,Jaunpur,15853.0,338821.0,21.371325848366343,0.9863126024977924,24.88479262672811,-0.12292123874114376,False,YELLOW: Hybrid Center,Stable in current zone
Uttar Pradesh,Jhansi,7160.0,183846.0,25.67322999581064,0.9899455383326351,63.47222222222222,-0.02379807249605283,False,YELLOW: Hybrid Center,Will transition to RED within 2-3 years
Uttar Pradesh,Jyotiba Phule Nagar,84.0,782.0,9.2,0.9882352941176471,61.0,-0.40336922506076717,False,GREEN: Enrolment Van,Stable in current zone
Uttar Pradesh,Jyotiba Phule Nagar *,0.0,1.0,1.0,,,-0.592311129703767,False,GREEN: Enrolment Van,Stable in current zone
Uttar Pradesh,Kannauj,6638.0,131340.0,19.783099864437414,0.984786865491791,30.524752475247524,-0.15951665854687963,False,YELLOW: Hybrid Center,Stable in current zone
Uttar Pradesh,Kanpur Dehat,8017.0,147715.0,18.422923422299824,0.9770516338238963,21.91304347826087,-0.1908574302088327,False,YELLOW: Hybrid Center,Stable in current zone
Uttar Pradesh,Kanpur Nagar,24708.0,351563.0,14.22813549718726,0.9726415476142296,16.903846153846153,-0.2875124570556894,False,GREEN: Enrolment Van,Stable in current zone
Uttar Pradesh,Kasganj,6341.0,124226.0,19.587827183853673,0.9749290444654684,20.163522012578618,-0.16401607222910358,False,YELLOW: Hybrid Center,Stable in current zone
Uttar Pradesh,Kaushambi,7463.0,174607.0,23.393220793140408,0.9906216505894962,62.22857142857143,-0.07633335071020905,False,YELLOW: Hybrid Center,Stable in current zone
Uttar Pradesh,Kheri,24578.0,373161.0,15.1821066764311,0.9814475772000488,24.74122807017544,-0.2655313434482675,False,YELLOW: Hybrid Center,Stable in current zone
Uttar Pradesh,Kushi Nagar,1570.0,0.0,0.0,0.9904519414385742,51.93333333333333,-0.6153528253919376,False,GREEN: Enrolment Van,Stable in current zone
Uttar Pradesh,Kushinagar,10611.0,315081.0,29.691010177157935,0.9970787787410479,143.51612903225808,0.06877839578451483,False,YELLOW: Hybrid Center,Will transition to RED within 2-3 years
Uttar Pradesh,Kushinagar *,6.0,219.0,31.285714285714285,0.8571428571428571,5.0,0.10552308256654579,False,YELLOW: Hybrid Center,Will transition to RED within 2-3 years
Uttar Pradesh,Lalitpur,4753.0,122322.0,25.73033235170383,0.9846445098864114,46.24657534246575,-0.022482337388484347,False,YELLOW: Hybrid Center,Will transition to RED within 2-3 years
Uttar Pradesh,Lucknow,25514.0,426866.0,16.73000195963159,0.9821673525377229,30.195604395604395,-0.229865211375607,False,YELLOW: Hybrid Center,Stable in current zone
Uttar Pradesh,Maharajganj,17871.0,211999.0,11.862074753804835,0.9734221128021486,12.909473684210527,-0.3420305086844342,False,GREEN: Enrolment Van,Stable in current zone
Uttar Pradesh,Mahoba,3020.0,78643.0,26.03210857332009,0.995696789142668,152.23076923076923,-0.015528901524076485,False,YELLOW: Hybrid Center,Will transition to RED within 2-3 years
Uttar Pradesh,Mahoba *,0.0,1.0,1.0,,,-0.592311129703767,False,GREEN: Enrolment Van,Stable in current zone
Uttar Pradesh,Mahrajganj,19.0,69.0,3.45,0.95,10.0,-0.5358589752677487,False,GREEN: Enrolment Van,Stable in current zone
Uttar Pradesh,Mainpuri,11726.0,143232.0,12.213865438731133,0.9839686194252579,26.893617021276597,-0.3339246547764293,False,GREEN: Enrolment Van,Stable in current zone
Uttar Pradesh,Mathura,11746.0,228706.0,19.46931131352686,0.988933344683749,45.00769230769231,-0.1667468788473927,False,YELLOW: Hybrid Center,Stable in current zone
Uttar Pradesh,Mau,7579.0,175561.0,23.16108179419525,0.9936675461741424,53.958333333333336,-0.08168222688125994,False,YELLOW: Hybrid Center,Stable in current zone
Uttar Pradesh,Meerut,24027.0,340871.0,14.186407524554687,0.9894706176127851,56.03557312252964,-0.28847394030277346,False,GREEN: Enrolment Van,Stable in current zone
Uttar Pradesh,Mirzapur,7645.0,195468.0,25.564739733193825,0.9988229139419305,392.8888888888889,-0.026297872112399208,False,YELLOW: Hybrid Center,Will transition to RED within 2-3 years
Uttar Pradesh,Moradabad,21545.0,323979.0,15.03661932609301,0.9898357003620162,69.38812785388127,-0.26888361870123606,False,YELLOW: Hybrid Center,Stable in current zone
Uttar Pradesh,Muzaffarnagar,11949.0,305484.0,25.563514644351464,0.9895397489539749,58.0,-0.02632610023669586,False,YELLOW: Hybrid Center,Will transition to RED within 2-3 years
Uttar Pradesh,Pilibhit,13635.0,271893.0,19.93935171604576,0.9843062481666178,41.07943925233645,-0.15591635093140693,False,YELLOW: Hybrid Center,Stable in current zone
Uttar Pradesh,Pratapgarh,10308.0,236690.0,22.959549907847514,0.9944708507129693,102.91228070175438,-0.0863258632779475,False,YELLOW: Hybrid Center,Stable in current zone
Uttar Pradesh,Prayagraj,2865.0,49250.0,17.184228890439638,0.9361479413817166,7.80327868852459,-0.2193990526625562,False,YELLOW: Hybrid Center,Stable in current zone
Uttar Pradesh,Rae Bareli,9729.0,236991.0,24.356731757451183,0.9955806783144913,135.1627906976744,-0.05413242427834428,False,YELLOW: Hybrid Center,Stable in current zone
Uttar Pradesh,Raebareli,3.0,23.0,5.75,0.75,0.0,-0.4828630751849561,False,GREEN: Enrolment Van,Stable in current zone
Uttar Pradesh,Rampur,20110.0,280460.0,13.945601909402814,0.9849336184177813,39.772277227722775,-0.29402251000710566,False,GREEN: Enrolment Van,Stable in current zone
Uttar Pradesh,Saharanpur,19166.0,358530.0,18.705587728909062,0.9947826994313143,137.08,-0.18434436527403486,False,YELLOW: Hybrid Center,Stable in current zone
Uttar Pradesh,Sambhal,8677.0,202936.0,23.38511177690712,0.9864023968656372,40.20338983050848,-0.0765201961945869,False,YELLOW: Hybrid Center,Stable in current zone
Uttar Pradesh,Sant Kabir Nagar,6169.0,169746.0,27.511507293354942,0.9938411669367909,73.39473684210526,0.0185589535844358,False,YELLOW: Hybrid Center,Will transition to RED within 2-3 years
Uttar Pradesh,Sant Ravidas Nagar,4420.0,117236.0,26.51798235693282,0.9988690341551685,373.8,-0.004333545659211898,False,YELLOW: Hybrid Center,Will transition to RED within 2-3 years
Uttar Pradesh,Sant Ravidas Nagar Bhadohi,84.0,407.0,4.788235294117647,0.9882352941176471,37.0,-0.5050237648615202,False,GREEN: Enrolment Van,Stable in current zone
Uttar Pradesh,Shahjahanpur,24291.0,303960.0,12.512761402931005,0.9815577144739008,28.595982142857142,-0.3270375849269135,False,GREEN: Enrolment Van,Stable in current zone
Uttar Pradesh,Shamli,8200.0,178748.0,21.79587855139617,0.9929276917449091,95.34482758620689,-0.11313882455434014,False,YELLOW: Hybrid Center,Stable in current zone
Uttar Pradesh,Shravasti,2535.0,0.0,0.0,0.9609621451104101,8.757575757575758,-0.6153528253919376,False,GREEN: Enrolment Van,Stable in current zone
Uttar Pradesh,Shrawasti,5117.0,119285.0,23.30695584212583,0.9704962876123485,12.026490066225165,-0.07832104146004189,False,YELLOW: Hybrid Center,Stable in current zone
Uttar Pradesh,Siddharth Nagar,4341.0,0.0,0.0,0.9647627821280516,10.477124183006536,-0.6153528253919376,False,GREEN: Enrolment Van,Stable in current zone
Uttar Pradesh,Siddharthnagar,14013.0,200923.0,14.337305551591266,0.9714571143142572,12.1875,-0.2849969938838513,False,GREEN: Enrolment Van,Stable in current zone
Uttar Pradesh,Sitapur,30854.0,433633.0,14.053897261383893,0.9757251660994977,21.678237650200266,-0.2915272014623143,False,GREEN: Enrolment Van,Stable in current zone
Uttar Pradesh,Sonbhadra,5034.0,175832.0,34.92194637537239,0.997219463753724,214.14285714285714,0.18930803582800898,False,YELLOW: Hybrid Center,Will transition to RED within 2-3 years
Uttar Pradesh,Sultanpur,11434.0,181086.0,15.836117184083953,0.9883690424136423,41.090225563909776,-0.25046183235406444,False,YELLOW: Hybrid Center,Stable in current zone
Uttar Pradesh,Unnao,19148.0,270933.0,14.14867617107943,0.980782286281268,26.733695652173914,-0.28934333466745316,False,GREEN: Enrolment Van,Stable in current zone
Uttar Pradesh,Varanasi,23334.0,341909.0,14.652196271694878,0.980629955003214,20.971238938053098,-0.2777413777361949,False,GREEN: Enrolment Van,Stable in current zone
Uttarakhand,Almora,1367.0,48194.0,35.22953216374269,0.993421052631579,136.44444444444446,0.1963953339616434,False,YELLOW: Hybrid Center,Will transition to RED within 2-3 years
Uttarakhand,Bageshwar,742.0,28423.0,38.254374158815615,0.9959623149394348,225.0,0.2660928227169129,False,YELLOW: Hybrid Center,Will transition to RED within 2-3 years
Uttarakhand,Chamoli,1090.0,40192.0,36.839596700274974,0.9926672777268561,125.75,0.23349395105073592,False,YELLOW: Hybrid Center,Will transition to RED within 2-3 years
Uttarakhand,Champawat,866.0,35719.0,41.19838523644752,0.9976931949250288,384.5,0.3339278300703108,False,YELLOW: Hybrid Center,Will transition to RED within 2-3 years
Uttarakhand,Dehradun,9485.0,211902.0,22.338393421884884,0.9857685009487666,57.75555555555555,-0.10063836200223189,False,YELLOW: Hybrid Center,Stable in current zone
Uttarakhand,Garhwal,56.0,740.0,12.982456140350877,0.9824561403508771,52.0,-0.31621502172094956,False,GREEN: Enrolment Van,Stable in current zone
Uttarakhand,Hardwar,146.0,2082.0,14.16326530612245,0.9931972789115646,118.0,-0.28900717625743827,False,GREEN: Enrolment Van,Stable in current zone
Uttarakhand,Haridwar,5955.0,203536.0,34.17327065144392,0.9911014103425118,88.45283018867924,0.17205727762812822,False,YELLOW: Hybrid Center,Will transition to RED within 2-3 years
Uttarakhand,Nainital,3951.0,118461.0,29.97494939271255,0.9805161943319838,44.37662337662338,0.07532083678326217,False,YELLOW: Hybrid Center,Will transition to RED within 2-3 years
Uttarakhand,Pauri Garhwal,1856.0,64889.0,34.94291868605277,0.9919224555735057,111.8,0.189791273428584,False,YELLOW: Hybrid Center,Will transition to RED within 2-3 years
Uttarakhand,Pithoragarh,1220.0,44885.0,36.76085176085176,0.9918099918099919,106.5,0.2316795341195627,False,YELLOW: Hybrid Center,Will transition to RED within 2-3 years
Uttarakhand,Rudraprayag,956.0,32012.0,33.450365726227794,0.9989550679205852,874.0,0.15540032232981843,False,YELLOW: Hybrid Center,Will transition to RED within 2-3 years
Uttarakhand,Tehri Garhwal,2781.0,83147.0,29.887491013659236,0.9949676491732566,174.57142857142858,0.07330564742773504,False,YELLOW: Hybrid Center,Will transition to RED within 2-3 years
Uttarakhand,Udham Singh Nagar,6095.0,279729.0,45.887303149606296,0.9968832020997376,268.0,0.44196844973212773,False,YELLOW: Hybrid Center,Will transition to RED within 2-3 years
Uttarakhand,Uttarkashi,1132.0,34489.0,30.440423654015888,0.9947043248014121,163.0,0.08604615306288975,False,YELLOW: Hybrid Center,Will transition to RED within 2-3 years
Uttaranchal,Almora,0.0,1.0,1.0,,,-0.592311129703767,False,GREEN: Enrolment Van,Stable in current zone
Uttaranchal,Garhwal,0.0,1.0,1.0,,,-0.592311129703767,False,GREEN: Enrolment Van,Stable in current zone
Uttaranchal,Tehri Garhwal,0.0,2.0,2.0,,,-0.5692694340155963,False,GREEN: Enrolment Van,Stable in current zone
Uttaranchal,Udham Singh Nagar *,0.0,3.0,3.0,,,-0.5462277383274255,False,GREEN: Enrolment Van,Stable in current zone
WEST BENGAL,HOOGHLY,4.0,60.0,12.0,0.8,3.0,-0.3388524771338892,False,GREEN: Enrolment Van,Stable in current zone
WEST BENGAL,HOWRAH,0.0,42.0,42.0,,,0.3523983935112319,False,YELLOW: Hybrid Center,Will transition to RED within 2-3 years
WEST BENGAL,hooghly,0.0,6.0,6.0,,,-0.4771026512629134,False,GREEN: Enrolment Van,Stable in current zone
WESTBENGAL,HOOGHLY,1.0,69.0,34.5,0.5,1.0,0.17958567584995164,False,YELLOW: Hybrid Center,Will transition to RED within 2-3 years
West  Bengal,Hooghly,15.0,135.0,8.4375,0.9375,9.0,-0.4209385180229973,False,GREEN: Enrolment Van,Stable in current zone
West Bangal,Hooghly,6.0,127.0,18.142857142857142,0.8571428571428571,5.0,-0.19731063219226916,False,YELLOW: Hybrid Center,Stable in current zone
West Bangal,Howrah,4.0,70.0,14.0,0.8,2.0,-0.2927690857575478,False,GREEN: Enrolment Van,Stable in current zone
West Bangal,South 24 Parganas,0.0,14.0,14.0,,,-0.2927690857575478,False,GREEN: Enrolment Van,Stable in current zone
West Bengal,24 Paraganas North,6147.0,0.0,0.0,0.9165582303188029,6.192982456140351,-0.6153528253919376,False,GREEN: Enrolment Van,Stable in current zone
West Bengal,24 Paraganas South,490.0,0.0,0.0,0.9531568228105907,15.826086956521738,-0.6153528253919376,False,GREEN: Enrolment Van,Stable in current zone
West Bengal,Alipurduar,3673.0,18459.0,5.024224278715296,0.8805117038649973,3.4646924829157175,-0.4995861784926608,False,GREEN: Enrolment Van,Stable in current zone
West Bengal,Bally Jagachha,0.0,6.0,6.0,,,-0.4771026512629134,False,GREEN: Enrolment Van,Stable in current zone
West Bengal,Bankura,11355.0,253876.0,22.35611130679817,0.9867030644593167,60.152317880794705,-0.10023011188982194,False,YELLOW: Hybrid Center,Stable in current zone
West Bengal,Barddhaman,15836.0,351527.0,22.19656500599861,0.9990528509187346,854.4,-0.10390632920101871,False,YELLOW: Hybrid Center,Stable in current zone
West Bengal,Bardhaman,1776.0,37424.0,21.060213843556557,0.9977490151941475,336.25,-0.13008978688090755,False,YELLOW: Hybrid Center,Stable in current zone
West Bengal,Birbhum,15509.0,261557.0,16.86376531270148,0.993036750483559,123.71296296296296,-0.22678307689994123,False,YELLOW: Hybrid Center,Stable in current zone
West Bengal,Burdwan,2.0,5.0,1.6666666666666667,0.6666666666666666,2.0,-0.5769499992449865,False,GREEN: Enrolment Van,Stable in current zone
West Bengal,Cooch Behar,10728.0,168023.0,15.660639388573026,0.9769782831577967,29.40080971659919,-0.2545051383182583,False,YELLOW: Hybrid Center,Stable in current zone
West Bengal,Coochbehar,4410.0,0.0,0.0,0.9582861029245069,11.630434782608695,-0.6153528253919376,False,GREEN: Enrolment Van,Stable in current zone
West Bengal,Dakshin Dinajpur,6526.0,128937.0,19.754404780144018,0.9846790255860273,53.58,-0.16017784194691448,False,YELLOW: Hybrid Center,Stable in current zone
West Bengal,Darjeeling,7319.0,93739.0,12.80587431693989,0.8942622950819672,5.125322997416021,-0.3202837663600478,False,GREEN: Enrolment Van,Stable in current zone
West Bengal,Darjiling,726.0,10857.0,14.933975240715268,0.9958734525447043,178.33333333333334,-0.2712487124807006,False,GREEN: Enrolment Van,Stable in current zone
West Bengal,Dinajpur Dakshin,997.0,0.0,0.0,0.9649298597194389,20.2,-0.6153528253919376,False,GREEN: Enrolment Van,Stable in current zone
West Bengal,Dinajpur Uttar,11671.0,0.0,0.0,0.9712988348183688,19.33731343283582,-0.6153528253919376,False,GREEN: Enrolment Van,Stable in current zone
West Bengal,Domjur,0.0,5.0,5.0,,,-0.5001443469510841,False,GREEN: Enrolment Van,Stable in current zone
West Bengal,East Midnapore,2118.0,51945.0,24.513921661160925,0.9976403964134025,359.2,-0.05051050235181154,False,YELLOW: Hybrid Center,Stable in current zone
West Bengal,East Midnapur,1.0,33.0,16.5,0.5,1.0,-0.23516484653712103,False,YELLOW: Hybrid Center,Stable in current zone
West Bengal,East midnapore,0.0,8.0,8.0,,,-0.431019259886572,False,GREEN: Enrolment Van,Stable in current zone
West Bengal,HOOGHLY,2.0,28.0,9.333333333333334,0.6666666666666666,2.0,-0.4002969989690111,False,GREEN: Enrolment Van,Stable in current zone
West Bengal,HOWRAH,3.0,41.0,10.25,0.75,2.0,-0.3791754445881879,False,GREEN: Enrolment Van,Stable in current zone
West Bengal,Haora,2862.0,67650.0,23.62906042612644,0.9989521480964024,647.6666666666666,-0.07089920565573503,False,YELLOW: Hybrid Center,Stable in current zone
West Bengal,Hawrah,6.0,45.0,6.428571428571429,0.8571428571428571,3.0,-0.467227638825126,False,GREEN: Enrolment Van,Stable in current zone
West Bengal,Hooghiy,1.0,39.0,19.5,0.5,1.0,-0.1660397594726089,False,YELLOW: Hybrid Center,Stable in current zone
West Bengal,Hooghly,15327.0,342390.0,22.337552192066806,0.9776226513569938,32.45481049562682,-0.10065774536370387,False,YELLOW: Hybrid Center,Stable in current zone
West Bengal,Howrah,11407.0,207065.0,18.15085904628331,0.9871143057503506,55.35374149659864,-0.19712625476859733,False,YELLOW: Hybrid Center,Stable in current zone
West Bengal,Hugli,194.0,1703.0,8.733333333333333,0.9948717948717949,148.0,-0.41412201638191354,False,GREEN: Enrolment Van,Stable in current zone
West Bengal,Jalpaiguri,10654.0,268154.0,25.166963866729237,0.9494134209291413,10.526901669758812,-0.035463302579574675,False,YELLOW: Hybrid Center,Will transition to RED within 2-3 years
West Bengal,Jhargram,962.0,11264.0,11.696780893042575,0.9470404984423676,14.529411764705882,-0.34583915952324107,False,GREEN: Enrolment Van,Stable in current zone
West Bengal,KOLKATA,1.0,25.0,12.5,0.5,0.0,-0.32733162928980386,False,GREEN: Enrolment Van,Stable in current zone
West Bengal,Kalimpong,513.0,3104.0,6.038910505836576,0.7003891050583657,1.1428571428571428,-0.4762060872283542,False,GREEN: Enrolment Van,Stable in current zone
West Bengal,Koch Bihar,3348.0,84288.0,25.168109883547327,0.9967154374440131,202.45454545454547,-0.03543689640879871,False,YELLOW: Hybrid Center,Will transition to RED within 2-3 years
West Bengal,Kolkata,10361.0,197486.0,19.058675931287397,0.9301293186643506,6.94475138121547,-0.17620861436375007,False,YELLOW: Hybrid Center,Stable in current zone
West Bengal,MALDA,15.0,129.0,8.0625,0.9375,14.0,-0.42957915390606133,False,GREEN: Enrolment Van,Stable in current zone
West Bengal,Malda,15815.0,291698.0,18.44322205361659,0.9946256954982297,138.52941176470588,-0.19038971532314541,False,YELLOW: Hybrid Center,Stable in current zone
West Bengal,Maldah,1756.0,36742.0,20.91178144564599,0.9994308480364257,1190.0,-0.13350992102382833,False,YELLOW: Hybrid Center,Stable in current zone
West Bengal,Medinipur,29.0,253.0,8.433333333333334,0.9666666666666667,26.0,-0.4210345250883647,False,GREEN: Enrolment Van,Stable in current zone
West Bengal,Medinipur West,645.0,0.0,0.0,0.9674922600619195,15.476190476190476,-0.6153528253919376,False,GREEN: Enrolment Van,Stable in current zone
West Bengal,Murshidabad,35911.0,591032.0,16.4577856983738,0.9975774114502116,361.4022988505747,-0.23613753562888054,False,YELLOW: Hybrid Center,Stable in current zone
West Bengal,NADIA,3.0,21.0,5.25,0.75,3.0,-0.49438392302904144,False,GREEN: Enrolment Van,Stable in current zone
West Bengal,Nadia,17710.0,320103.0,18.073683021850826,0.9523459996612275,15.691943127962086,-0.1989045212379934,False,YELLOW: Hybrid Center,Stable in current zone
West Bengal,Naihati Anandabazar,0.0,2.0,2.0,,,-0.5692694340155963,False,GREEN: Enrolment Van,Stable in current zone
West Bengal,North 24 Parganas,28606.0,514387.0,17.981158457720138,0.9528437095815709,15.950333580429948,-0.20103644408837335,False,YELLOW: Hybrid Center,Stable in current zone
West Bengal,North Dinajpur,342.0,6096.0,17.77259475218659,0.9970845481049563,263.0,-0.20584210552287466,False,YELLOW: Hybrid Center,Stable in current zone
West Bengal,North Twenty Four Parganas,1627.0,34388.0,21.122850122850124,0.9981572481572482,408.6666666666667,-0.1286465407943859,False,YELLOW: Hybrid Center,Stable in current zone
West Bengal,Paschim Bardhaman,1276.0,26786.0,20.975724353954583,0.9263899765074393,9.202127659574469,-0.1320365679891651,False,YELLOW: Hybrid Center,Stable in current zone
West Bengal,Paschim Medinipur,18085.0,362930.0,20.06690257657857,0.9916510007740794,94.30463576158941,-0.15297736281824562,False,YELLOW: Hybrid Center,Stable in current zone
West Bengal,Purba Bardhaman,3041.0,37296.0,12.2603550295858,0.9575936883629191,19.558139534883722,-0.3328534557712885,False,GREEN: Enrolment Van,Stable in current zone
West Bengal,Purba Medinipur,14322.0,234785.0,16.392166445577043,0.9958807512392656,219.5593220338983,-0.2376495144831086,False,YELLOW: Hybrid Center,Stable in current zone
West Bengal,Purulia,783.0,11184.0,14.26530612244898,0.9974489795918368,269.5,-0.2866559828198698,False,GREEN: Enrolment Van,Stable in current zone
West Bengal,Puruliya,13219.0,247134.0,18.69394856278366,0.9898638426626324,72.19402985074628,-0.18461255139796046,False,YELLOW: Hybrid Center,Stable in current zone
West Bengal,South  Twenty Four Parganas,0.0,5.0,5.0,,,-0.5001443469510841,False,GREEN: Enrolment Van,Stable in current zone
West Bengal,South 24 Pargana,2.0,20.0,6.666666666666667,0.6666666666666666,1.0,-0.46174152080413294,False,GREEN: Enrolment Van,Stable in current zone
West Bengal,South 24 Parganas,33540.0,625761.0,18.6565993858263,0.9909066515607764,82.09508196721312,-0.18547313976761556,False,YELLOW: Hybrid Center,Stable in current zone
West Bengal,South 24 pargana,0.0,13.0,13.0,,,-0.3158107814457185,False,GREEN: Enrolment Van,Stable in current zone
West Bengal,South 24 parganas,2.0,29.0,9.666666666666666,0.6666666666666666,2.0,-0.3926164337396208,False,GREEN: Enrolment Van,Stable in current zone
West Bengal,South Dinajpur,446.0,8944.0,20.008948545861298,0.9977628635346756,375.0,-0.1543127219579359,False,YELLOW: Hybrid Center,Stable in current zone
West Bengal,South DumDum(M),0.0,14.0,14.0,,,-0.2927690857575478,False,GREEN: Enrolment Van,Stable in current zone
West Bengal,South Twenty Four Parganas,4107.0,75448.0,18.36611489776047,0.9987828627069133,595.6,-0.19216639494376253,False,YELLOW: Hybrid Center,Stable in current zone
West Bengal,Uttar Dinajpur,26892.0,361988.0,13.460305655746849,0.9862789573494961,49.856368563685635,-0.3052045586024557,False,GREEN: Enrolment Van,Stable in current zone
West Bengal,West Medinipur,2.0,16.0,5.333333333333333,0.6666666666666666,1.0,-0.4924637817216939,False,GREEN: Enrolment Van,Stable in current zone
West Bengal,West Midnapore,2190.0,49658.0,22.664536741214057,0.9981743496120493,411.75,-0.0931234668875192,False,YELLOW: Hybrid Center,Stable in current zone
West Bengal,east midnapore,0.0,2.0,2.0,,,-0.5692694340155963,False,GREEN: Enrolment Van,Stable in current zone
West Bengal,hooghly,3.0,53.0,13.25,0.75,2.0,-0.3100503575236758,False,GREEN: Enrolment Van,Stable in current zone
West Bengal,nadia,3.0,20.0,5.0,0.75,2.0,-0.5001443469510841,False,GREEN: Enrolment Van,Stable in current zone
West Bengli,Hooghly,0.0,3.0,3.0,,,-0.5462277383274255,False,GREEN: Enrolment Van,Stable in current zone
West bengal,Hooghly,0.0,8.0,8.0,,,-0.431019259886572,False,GREEN: Enrolment Van,Stable in current zone
West bengal,South 24 Parganas,0.0,12.0,12.0,,,-0.3388524771338892,False,GREEN: Enrolment Van,Stable in current zone
West bengal,hooghly,7.0,60.0,7.5,0.875,6.0,-0.4425401077306574,False,GREEN: Enrolment Van,Stable in current zone
Westbengal,Hooghly,6.0,103.0,14.714285714285714,0.8571428571428571,3.0,-0.2763107316945687,False,GREEN: Enrolment Van,Stable in current zone
Westbengal,Howrah,0.0,11.0,11.0,,,-0.3618941728220599,False,GREEN: Enrolment Van,Stable in current zone
andhra pradesh,chittoor,4.0,90.0,18.0,0.8,4.0,-0.20060230300486498,False,YELLOW: Hybrid Center,Stable in current zone
andhra pradesh,rangareddi,1.0,28.0,14.0,0.5,1.0,-0.2927690857575478,False,GREEN: Enrolment Van,Stable in current zone
odisha,Gajapati,0.0,36.0,36.0,,,0.2141482193822077,False,YELLOW: Hybrid Center,Will transition to RED within 2-3 years
west Bengal,South 24 Parganas,0.0,16.0,16.0,,,-0.24668569438120638,False,YELLOW: Hybrid Center,Stable in current zone
